Season,Team,W,Standing,MOV,MOV_Rank,SRS,SRS_Rank,ORTG,ORTG_Rank,DRTG,DRTG_Rank,NRTG,NRTG_Rank,eFG,eFG_Rank,Opp_eFG,Opp_eFG_Rank,Outcome
1991,Atlanta Hawks,43,13,0.77,13,0.72,13,110.9,8,110.1,14,0.8,13,0.482,15,0.509,1,1
1991,Boston Celtics,56,4,5.82,5,5.22,5,112.6,3,106.7,9,5.9,5,0.52,2,0.465,14,2
1991,Chicago Bulls,61,2,9.1,1,8.57,1,114.6,1,105.2,7,9.4,1,0.521,1,0.488,8,5
1991,Detroit Pistons,50,9,3.27,9,3.08,9,108.2,12,104.6,4,3.6,7,0.474,16,0.464,15,3
1991,Golden State Warriors,44,11,1.63,11,1.72,11,111.9,6,110.3,15,1.6,11,0.504,6,0.497,5,2
1991,Houston Rockets,52,8,3.5,7,3.27,7,107.4,15,103.9,2,3.5,8,0.489,13,0.469,13,1
1991,Indiana Pacers,41,14,-0.39,16,-0.37,14,111.7,7,112.1,16,-0.4,16,0.511,3,0.503,2,1
1991,Los Angeles Lakers,58,3,6.74,3,6.73,3,112.1,5,105,5,7.1,3,0.5,9,0.474,9,4
1991,Milwaukee Bucks,48,10,2.48,10,2.33,10,109.7,9,107.2,10,2.5,10,0.499,10,0.5,4,1
1991,New York Knicks,39,16,-0.23,15,-0.43,16,107.1,16,107.3,11,-0.2,14,0.498,11,0.489,6,1
1991,Philadelphia 76ers,44,11,-0.18,14,-0.39,15,107.9,13,108.1,12,-0.2,14,0.489,13,0.489,6,2
1991,Phoenix Suns,55,5,6.55,4,6.49,4,112.6,3,106.1,8,6.5,4,0.506,5,0.474,9,1
1991,Portland Trail Blazers,63,1,8.68,2,8.47,2,112.8,2,104.3,3,8.5,2,0.509,4,0.473,11,3
1991,San Antonio Spurs,55,5,4.51,6,4.3,6,107.8,14,103.3,1,4.5,6,0.494,12,0.463,16,1
1991,Seattle SuperSonics,41,14,1.23,12,1.31,12,109.7,9,108.5,13,1.2,12,0.501,8,0.503,2,1
1991,Utah Jazz,54,7,3.33,8,3.18,8,108.6,11,105.1,6,3.5,8,0.503,7,0.473,11,2
1993,Atlanta Hawks,43,12,-0.87,15,-0.67,15,109.3,10,110.2,16,-0.9,15,0.493,11,0.516,1,1
1993,Boston Celtics,48,9,0.89,12,0.93,12,108.7,11,107.8,12,0.9,12,0.495,10,0.479,13,1
1993,Charlotte Hornets,44,11,-0.24,14,-0.02,14,109.5,9,109.7,14,-0.2,14,0.499,6,0.487,8,2
1993,Chicago Bulls,57,3,6.29,4,6.19,4,112.9,2,106.1,7,6.8,2,0.499,6,0.493,4,5
1993,Cleveland Cavaliers,54,6,6.45,3,6.3,2,112.7,3,106,6,6.7,3,0.518,2,0.482,11,2
1993,Houston Rockets,55,4,4.23,6,3.57,6,109.6,6,105.2,3,4.4,6,0.515,3,0.474,15,2
1993,Indiana Pacers,41,14,1.7,10,1.77,9,111.9,5,110.1,15,1.8,10,0.498,8,0.485,10,1
1993,Los Angeles Clippers,41,14,0.35,13,0.33,13,107.4,14,107.1,10,0.3,13,0.493,11,0.489,5,1
1993,Los Angeles Lakers,39,16,-1.27,16,-1.2,16,107.6,13,108.9,13,-1.3,16,0.486,13,0.5,2,1
1993,New Jersey Nets,43,12,1.26,11,1.2,11,106.5,15,105.2,3,1.3,11,0.473,16,0.48,12,1
1993,New York Knicks,60,2,6.16,5,5.87,5,106.1,16,99.7,1,6.4,5,0.479,14,0.444,16,3
1993,Phoenix Suns,62,1,6.66,2,6.27,3,113.3,1,106.7,8,6.6,4,0.521,1,0.496,3,4
1993,Portland Trail Blazers,51,7,3.11,7,2.92,7,108.3,12,105.2,3,3.1,7,0.476,15,0.488,7,1
1993,San Antonio Spurs,49,8,2.67,8,2.21,8,109.6,6,106.8,9,2.8,8,0.507,4,0.477,14,2
1993,Seattle SuperSonics,55,4,7.07,1,6.66,1,112.3,4,104.9,2,7.4,1,0.502,5,0.489,5,3
1993,Utah Jazz,47,10,2.17,9,1.74,10,109.6,6,107.4,11,2.2,9,0.498,8,0.487,8,1
1995,Atlanta Hawks,42,14,1.28,12,1.06,12,106.6,15,105.2,4,1.4,12,0.487,14,0.495,5,1
1995,Boston Celtics,35,16,-1.88,16,-1.92,16,108.6,13,110.6,16,-2,16,0.491,13,0.512,2,1
1995,Charlotte Hornets,50,8,3.28,9,2.87,9,109.6,8,106.1,9,3.5,9,0.517,6,0.485,14,1
1995,Chicago Bulls,47,10,4.83,5,4.32,5,109.5,10,104.3,2,5.2,5,0.509,9,0.488,12,2
1995,Cleveland Cavaliers,43,13,0.62,14,0.55,14,105.3,16,104.6,3,0.7,14,0.472,16,0.493,6,1
1995,Denver Nuggets,41,15,0.84,13,0.96,13,109.1,11,108.2,13,0.9,13,0.511,8,0.487,13,1
1995,Houston Rockets,47,10,2.12,11,2.32,11,109.7,6,107.4,11,2.3,11,0.529,3,0.489,11,5
1995,Indiana Pacers,52,7,3.7,8,3.35,8,109.6,8,105.6,6,4,7,0.507,11,0.493,6,3
1995,Los Angeles Lakers,48,9,-0.22,15,-0.01,15,109.1,11,109.4,14,-0.3,15,0.5,12,0.5,3,2
1995,New York Knicks,55,6,3.11,10,2.78,10,107.2,14,103.8,1,3.4,10,0.508,10,0.468,16,2
1995,Orlando Magic,57,4,7.06,3,6.44,3,115.1,1,107.8,12,7.3,3,0.539,1,0.49,10,4
1995,Phoenix Suns,59,3,3.88,6,3.86,6,114.5,3,110.4,15,4.1,6,0.524,5,0.515,1,2
1995,Portland Trail Blazers,44,12,3.82,7,3.8,7,109.7,6,105.7,7,4,7,0.483,15,0.491,9,1
1995,San Antonio Spurs,62,1,5.96,4,5.9,4,111.7,5,105.4,5,6.3,4,0.516,7,0.485,14,3
1995,Seattle SuperSonics,57,4,8.18,1,7.91,1,114.8,2,106.3,10,8.5,2,0.527,4,0.492,8,1
1995,Utah Jazz,60,2,7.99,2,7.76,2,114.3,4,105.7,7,8.6,1,0.535,2,0.496,4,1
1996,Atlanta Hawks,46,11,1.22,14,1.29,14,109.4,10,108,14,1.4,14,0.49,16,0.512,1,2
1996,Chicago Bulls,72,1,12.24,1,11.8,1,115.2,1,101.8,1,13.4,1,0.517,3,0.482,11,5
1996,Cleveland Cavaliers,47,9,2.59,8,2.49,8,109.9,9,106.7,10,3.2,8,0.51,8,0.506,3,1
1996,Detroit Pistons,46,11,2.5,9,2.45,9,107.9,12,105.1,7,2.8,9,0.504,11,0.483,10,1
1996,Houston Rockets,48,8,1.74,12,1.63,12,109.3,11,107.4,13,1.9,12,0.512,7,0.495,5,2
1996,Indiana Pacers,52,7,3.24,7,3.11,7,110.8,5,107.2,12,3.6,7,0.509,9,0.491,6,1
1996,Los Angeles Lakers,53,6,4.45,6,4.21,6,111.4,4,106.6,9,4.8,6,0.515,6,0.491,6,1
1996,Miami Heat,42,14,1.43,13,1.46,13,105.3,16,103.8,6,1.5,13,0.501,12,0.469,16,1
1996,New York Knicks,47,9,2.32,11,2.24,10,106,14,103.5,3,2.5,10,0.509,9,0.476,14,2
1996,Orlando Magic,60,3,5.56,5,5.4,5,112.9,3,106.9,11,6,5,0.529,1,0.491,6,3
1996,Phoenix Suns,41,15,0.33,15,0.28,15,110.3,6,110,16,0.3,15,0.498,13,0.511,2,1
1996,Portland Trail Blazers,44,13,2.35,10,2.21,11,106,14,103.5,3,2.5,10,0.494,14,0.478,13,1
1996,Sacramento Kings,39,16,-2.71,16,-2.62,16,106.2,13,109.1,15,-2.9,16,0.493,15,0.498,4,1
1996,San Antonio Spurs,59,4,6.3,4,5.98,4,110.2,8,103.5,3,6.7,4,0.516,5,0.472,15,2
1996,Seattle SuperSonics,64,2,7.79,2,7.4,2,110.3,6,102.1,2,8.2,2,0.526,2,0.479,12,4
1996,Utah Jazz,55,5,6.59,3,6.25,3,113.3,2,106.1,8,7.2,3,0.517,3,0.489,9,3
1998,Atlanta Hawks,50,10,3.51,9,3.85,8,108.2,6,104.3,11,3.9,9,0.481,11,0.468,8,1
1998,Charlotte Hornets,51,9,2,12,2.45,12,107.5,11,105.3,12,2.2,12,0.495,7,0.493,3,2
1998,Chicago Bulls,62,1,7.11,3,7.24,1,107.7,8,99.8,3,7.9,3,0.473,15,0.457,12,5
1998,Cleveland Cavaliers,47,11,2.73,10,3.06,10,102.2,16,99.1,1,3.1,10,0.478,12,0.46,10,1
1998,Houston Rockets,41,16,-0.76,16,-1.23,16,107.7,8,108.6,16,-0.9,16,0.496,6,0.499,1,1
1998,Indiana Pacers,58,5,6.09,5,6.25,4,108.4,4,101.6,5,6.8,5,0.502,4,0.453,14,3
1998,Los Angeles Lakers,61,3,7.74,1,6.88,2,111.9,2,103.7,10,8.2,1,0.519,2,0.467,9,3
1998,Miami Heat,55,8,4.93,7,5.09,6,107.6,10,102,7,5.6,6,0.494,8,0.452,15,1
1998,Minnesota Timberwolves,45,13,0.71,15,0.17,15,107.8,7,107.1,15,0.7,15,0.483,10,0.48,4,1
1998,New Jersey Nets,43,14,1.57,13,1.88,13,108.3,5,106.6,14,1.7,13,0.463,16,0.499,1,1
1998,New York Knicks,43,14,2.46,11,2.74,11,103,15,100.3,4,2.7,11,0.476,13,0.455,13,2
1998,Phoenix Suns,56,6,5.18,6,4.44,7,107.4,12,101.8,6,5.6,6,0.5,5,0.471,6,1
1998,Portland Trail Blazers,46,12,1.4,14,0.83,14,104,13,102.4,8,1.6,14,0.476,13,0.46,10,1
1998,San Antonio Spurs,56,6,3.99,8,3.3,9,103.8,14,99.4,2,4.4,8,0.493,9,0.437,16,2
1998,Seattle SuperSonics,61,3,7.17,2,6.33,3,111.6,3,103.6,9,8,2,0.521,1,0.478,5,2
1998,Utah Jazz,62,1,6.54,4,5.73,5,112.7,1,105.4,13,7.3,4,0.51,3,0.471,6,4
2000,Charlotte Hornets,49,10,2.67,9,2.33,10,104.3,14,101.4,8,2.9,8,0.475,14,0.478,6,1
2000,Detroit Pistons,42,15,1.44,12,1.13,13,107.3,4,105.8,15,1.5,12,0.492,5,0.499,1,1
2000,Indiana Pacers,56,3,4.6,5,4.15,6,108.5,1,103.6,12,4.9,6,0.503,1,0.469,9,4
2000,Los Angeles Lakers,67,1,8.55,1,8.41,1,107.3,4,98.2,1,9.1,1,0.484,12,0.443,16,5
2000,Miami Heat,52,7,3.11,7,2.75,8,104.5,13,101,7,3.5,7,0.495,3,0.453,14,2
2000,Milwaukee Bucks,42,15,0.22,15,-0.06,15,108.2,2,107.9,16,0.3,15,0.494,4,0.496,2,1
2000,Minnesota Timberwolves,50,8,2.52,10,2.67,9,106.1,7,103.4,11,2.7,10,0.485,11,0.474,8,1
2000,New York Knicks,50,8,1.46,11,1.3,11,102.5,15,100.9,6,1.6,11,0.482,13,0.455,12,3
2000,Philadelphia 76ers,49,10,1.34,13,1.02,14,101.5,16,100,4,1.5,12,0.457,16,0.466,10,2
2000,Phoenix Suns,53,5,5.22,4,5.24,4,104.6,12,99,3,5.6,4,0.491,6,0.454,13,2
2000,Portland Trail Blazers,59,2,6.4,2,6.36,2,107.9,3,100.8,5,7.1,2,0.501,2,0.461,11,3
2000,Sacramento Kings,44,14,2.91,8,3.04,7,105,9,102.1,9,2.9,8,0.486,10,0.479,5,1
2000,San Antonio Spurs,53,5,5.94,3,5.92,3,105,9,98.6,2,6.4,3,0.488,8,0.451,15,1
2000,Seattle SuperSonics,45,12,0.95,14,1.17,12,105.6,8,104.6,13,1,14,0.487,9,0.483,3,1
2000,Toronto Raptors,45,12,-0.16,16,-0.46,16,104.7,11,104.9,14,-0.2,16,0.464,15,0.48,4,1
2000,Utah Jazz,55,4,4.46,6,4.52,5,107.3,4,102.3,10,5,5,0.49,7,0.477,7,2
2001,Charlotte Hornets,46,14,2.1,13,1.45,14,101.8,13,99.5,6,2.3,12,0.457,16,0.456,13,2
2001,Dallas Mavericks,53,5,4.28,4,4.61,4,107.1,4,102.6,12,4.5,6,0.498,2,0.467,7,2
2001,Indiana Pacers,41,16,-0.2,16,-0.77,16,102,12,102.2,10,-0.2,16,0.471,11,0.452,15,1
2001,Los Angeles Lakers,56,2,3.38,8,3.74,6,108.4,2,104.8,16,3.6,8,0.498,2,0.468,6,5
2001,Miami Heat,50,9,2.29,10,1.73,12,101.1,15,98.5,4,2.6,10,0.469,12,0.46,9,1
2001,Milwaukee Bucks,52,7,3.88,7,3.14,8,108.8,1,104.6,15,4.2,7,0.499,1,0.473,3,3
2001,Minnesota Timberwolves,47,12,1.35,14,1.81,11,105.2,9,103.7,14,1.5,14,0.482,8,0.478,1,1
2001,New York Knicks,48,11,2.63,9,1.98,10,101.2,14,98.2,3,3,9,0.476,9,0.453,14,1
2001,Orlando Magic,43,15,0.99,15,0.39,15,103.2,11,102.1,9,1.1,15,0.474,10,0.464,8,1
2001,Philadelphia 76ers,56,2,4.28,4,3.64,7,103.6,10,98.9,5,4.7,4,0.468,13,0.46,9,4
2001,Phoenix Suns,51,8,2.21,12,2.63,9,100.3,16,98,1,2.3,12,0.46,15,0.46,9,1
2001,Portland Trail Blazers,50,9,4.2,6,4.52,5,106.5,6,101.8,8,4.7,4,0.497,4,0.47,5,1
2001,Sacramento Kings,55,4,5.82,2,6.07,2,105.6,8,99.6,7,6,2,0.484,7,0.46,9,2
2001,San Antonio Spurs,58,1,7.76,1,7.92,1,106.6,5,98,1,8.6,1,0.496,6,0.444,16,3
2001,Toronto Raptors,47,12,2.26,11,1.69,13,105.9,7,103.4,13,2.5,11,0.468,13,0.476,2,2
2001,Utah Jazz,53,5,4.7,3,5,3,107.6,3,102.4,11,5.2,3,0.497,4,0.473,3,1
2004,Boston Celtics,36,16,-1.45,15,-1.99,16,102.1,12,103.7,13,-1.6,15,0.486,3,0.479,5,1
2004,Dallas Mavericks,52,7,4.44,6,4.86,6,112.1,1,107.4,16,4.7,6,0.495,2,0.498,1,1
2004,Denver Nuggets,43,11,1.07,11,1.65,11,103.9,7,102.7,11,1.2,11,0.467,13,0.481,4,1
2004,Detroit Pistons,54,6,5.84,2,5.04,4,102,13,95.4,2,6.6,2,0.461,15,0.441,15,5
2004,Houston Rockets,45,10,1.73,10,2.28,9,100.9,15,99,5,1.9,10,0.484,5,0.447,13,1
2004,Indiana Pacers,61,1,5.76,3,4.93,5,103.8,8,97.2,3,6.6,2,0.471,11,0.459,12,3
2004,Los Angeles Lakers,56,4,3.9,7,4.35,7,105.5,5,101.3,7,4.2,7,0.481,6,0.471,7,4
2004,Memphis Grizzlies,50,8,2.44,9,2.95,8,104.8,6,102.2,9,2.6,9,0.479,7,0.465,8,1
2004,Miami Heat,42,12,0.52,13,-0.13,13,102.2,10,101.7,8,0.5,13,0.463,14,0.463,9,2
2004,Milwaukee Bucks,41,13,1.06,12,0.42,12,106.5,3,105.4,15,1.1,12,0.477,8,0.485,2,1
2004,Minnesota Timberwolves,58,2,5.49,4,5.86,2,105.9,4,99.7,6,6.2,4,0.486,3,0.444,14,3
2004,New Jersey Nets,47,9,2.5,8,1.88,10,100.8,16,98,4,2.8,8,0.471,11,0.46,11,2
2004,New Orleans Hornets,41,13,-0.1,14,-0.72,14,102.3,9,102.4,10,-0.1,14,0.46,16,0.476,6,1
2004,New York Knicks,39,15,-1.48,16,-1.97,15,101.7,14,103.3,12,-1.6,15,0.474,9,0.461,10,1
2004,Sacramento Kings,55,5,5.01,5,5.41,3,110.3,2,104.9,14,5.4,5,0.507,1,0.483,3,2
2004,San Antonio Spurs,57,3,7.22,1,7.51,1,102.2,10,94.1,1,8.1,1,0.473,10,0.433,16,2
2007,Chicago Bulls,49,8,5.01,4,4.52,5,104.9,14,99.6,1,5.3,4,0.493,13,0.473,14,2
2007,Cleveland Cavaliers,50,7,3.83,7,3.33,7,105.5,13,101.3,4,4.2,7,0.484,16,0.48,10,4
2007,Dallas Mavericks,67,1,7.22,3,7.28,2,111.3,2,103.2,5,8.1,2,0.509,5,0.477,12,1
2007,Denver Nuggets,45,10,1.62,9,1.69,9,107.6,8,105.9,9,1.7,9,0.501,10,0.499,5,1
2007,Detroit Pistons,53,4,4.16,6,3.69,6,108.9,6,104.2,7,4.7,6,0.488,15,0.477,12,3
2007,Golden State Warriors,42,12,-0.34,13,0,13,107,9,107.4,14,-0.4,13,0.512,3,0.506,2,2
2007,Houston Rockets,52,5,4.85,5,5.04,4,106,11,100.7,3,5.3,4,0.499,12,0.466,16,1
2007,Los Angeles Lakers,42,12,-0.07,12,0.24,12,108.6,7,108.6,15,0,12,0.511,4,0.5,4,1
2007,Miami Heat,44,11,-0.91,16,-1.21,16,104.3,16,105.3,8,-1,16,0.506,6,0.485,9,1
2007,New Jersey Nets,41,14,-0.77,15,-1,15,105.7,12,106.6,12,-0.9,15,0.504,7,0.49,8,2
2007,Orlando Magic,40,16,0.78,11,0.35,11,104.9,14,104.1,6,0.8,11,0.5,11,0.48,10,1
2007,Phoenix Suns,61,2,7.3,2,7.28,2,113.9,1,106.4,11,7.5,3,0.551,1,0.492,7,2
2007,San Antonio Spurs,58,3,8.43,1,8.35,1,109.2,5,99.9,2,9.3,1,0.521,2,0.471,15,5
2007,Toronto Raptors,47,9,0.99,10,0.61,10,107,9,106,10,1,10,0.504,7,0.503,3,1
2007,Utah Jazz,51,6,2.87,8,3.06,8,110.1,3,107,13,3.1,8,0.502,9,0.496,6,3
2007,Washington Wizards,41,14,-0.51,14,-0.8,14,110.1,3,110.6,16,-0.5,14,0.491,14,0.517,1,1
2008,Atlanta Hawks,37,16,-1.82,16,-2.23,16,106.9,13,108.9,15,-2,16,0.483,14,0.501,4,1
2008,Boston Celtics,66,1,10.26,1,9.3,1,110.2,8,98.9,1,11.3,1,0.522,5,0.457,16,5
2008,Cleveland Cavaliers,45,12,-0.35,15,-0.53,14,106,16,106.4,11,-0.4,14,0.48,16,0.494,8,2
2008,Dallas Mavericks,51,10,4.54,10,4.7,10,111.1,7,106.1,9,5,10,0.502,10,0.474,13,1
2008,Denver Nuggets,50,11,3.71,11,3.74,11,110,10,106.3,10,3.7,11,0.51,8,0.499,7,1
2008,Detroit Pistons,59,2,7.39,2,6.67,4,111.4,5,102.9,4,8.5,2,0.495,11,0.47,14,3
2008,Houston Rockets,55,6,4.68,9,4.83,8,106.8,14,101.6,2,5.2,8,0.492,12,0.465,15,1
2008,Los Angeles Lakers,57,3,7.26,3,7.34,2,113,3,105.5,5,7.5,3,0.525,4,0.485,10,4
2008,New Orleans Hornets,56,4,5.28,6,5.46,5,111.5,4,105.7,7,5.8,5,0.512,6,0.501,4,2
2008,Orlando Magic,52,9,5.46,5,4.79,9,111.3,6,105.5,5,5.8,5,0.537,2,0.484,11,2
2008,Philadelphia 76ers,40,15,0.41,13,0.19,13,106.4,15,106,8,0.4,13,0.482,15,0.504,3,1
2008,Phoenix Suns,55,6,5.05,7,5.14,6,113.3,2,108.1,14,5.2,8,0.551,1,0.488,9,1
2008,San Antonio Spurs,56,4,4.79,8,5.1,7,107.2,12,101.8,3,5.4,7,0.504,9,0.477,12,3
2008,Toronto Raptors,41,14,2.9,12,2.47,12,110.2,8,107,13,3.2,12,0.511,7,0.505,2,1
2008,Utah Jazz,54,8,6.88,4,6.86,3,113.8,1,106.5,12,7.3,4,0.528,3,0.501,4,2
2008,Washington Wizards,43,13,-0.33,14,-0.61,15,109.2,11,109.6,16,-0.4,14,0.489,13,0.513,1,1
2010,Atlanta Hawks,53,6,4.66,7,4.44,7,111.9,2,106.7,13,5.2,5,0.506,8,0.496,2,2
2010,Boston Celtics,50,9,3.66,9,3.37,10,107.7,12,103.8,5,3.9,9,0.522,5,0.487,8,4
2010,Charlotte Bobcats,44,15,1.46,15,1.3,15,104.4,15,102.8,1,1.6,15,0.49,14,0.491,6,1
2010,Chicago Bulls,41,16,-1.63,16,-1.64,16,103.5,16,105.3,11,-1.8,16,0.477,16,0.484,10,1
2010,Cleveland Cavaliers,61,1,6.52,2,6.17,2,111.2,5,104.1,6,7.1,2,0.532,3,0.482,14,2
2010,Dallas Mavericks,55,4,2.72,12,2.66,12,109.2,9,106.3,12,2.9,12,0.506,8,0.495,3,1
2010,Denver Nuggets,53,6,4.09,8,4.15,8,111.8,3,107.5,15,4.3,8,0.509,7,0.495,3,1
2010,Los Angeles Lakers,57,3,4.72,6,4.78,5,108.8,10,103.7,4,5.1,6,0.496,11,0.484,10,5
2010,Miami Heat,47,13,2.28,13,1.99,13,106.6,13,104.1,6,2.5,13,0.496,11,0.48,15,1
2010,Milwaukee Bucks,46,14,1.7,14,1.37,14,104.9,14,103.1,2,1.8,14,0.482,15,0.486,9,1
2010,Oklahoma City Thunder,50,9,3.49,10,3.55,9,108.3,11,104.6,9,3.7,10,0.494,13,0.483,12,1
2010,Orlando Magic,59,2,7.49,1,7.12,1,111.4,4,103.3,3,8.1,1,0.536,2,0.477,16,3
2010,Phoenix Suns,54,5,4.9,5,4.67,6,115.3,1,110.2,16,5.1,6,0.546,1,0.491,6,3
2010,Portland Trail Blazers,50,9,3.3,11,3.18,11,110.8,6,107.1,14,3.7,10,0.499,10,0.502,1,1
2010,San Antonio Spurs,50,9,5.09,4,5.07,4,110,8,104.5,8,5.5,4,0.515,6,0.483,12,2
2010,Utah Jazz,53,6,5.34,3,5.33,3,110.7,7,105,10,5.7,3,0.524,4,0.492,5,2
2013,Atlanta Hawks,44,14,0.4,13,-0.08,14,104.8,12,104.4,9,0.4,13,0.517,6,0.496,4,1
2013,Boston Celtics,41,15,-0.22,15,-0.62,15,103.1,16,103.3,6,-0.2,15,0.503,11,0.482,11,1
2013,Brooklyn Nets,49,8,1.78,10,1.25,12,108.2,8,106.2,14,2,10,0.498,12,0.503,2,1
2013,Chicago Bulls,45,11,0.32,14,-0.02,13,103.5,15,103.2,5,0.3,14,0.47,16,0.477,13,2
2013,Denver Nuggets,57,4,5.09,5,5.37,5,110.4,5,105.1,10,5.3,5,0.515,7,0.493,6,1
2013,Golden State Warriors,47,10,0.89,12,1.32,11,106.4,10,105.5,12,0.9,12,0.506,10,0.486,10,2
2013,Houston Rockets,45,11,3.48,9,3.69,8,109.7,6,106.1,13,3.6,9,0.525,5,0.502,3,1
2013,Indiana Pacers,49,8,4.02,8,3.34,9,104.3,13,99.8,1,4.5,8,0.479,13,0.453,16,3
2013,Los Angeles Clippers,56,5,6.45,3,6.43,4,110.6,4,103.6,7,7,3,0.526,4,0.492,7,1
2013,Los Angeles Lakers,45,11,1.16,11,1.48,10,107.8,9,106.6,16,1.2,11,0.512,9,0.496,4,1
2013,Memphis Grizzlies,56,5,4.15,7,4.32,6,104.9,11,100.3,2,4.6,7,0.472,15,0.475,14,3
2013,Miami Heat,66,1,7.87,2,7.03,2,112.3,2,103.7,8,8.6,2,0.552,1,0.487,9,5
2013,Milwaukee Bucks,38,16,-1.5,16,-1.83,16,103.6,14,105.2,11,-1.6,16,0.476,14,0.492,7,1
2013,New York Knicks,54,7,4.23,6,3.73,7,111.1,3,106.3,15,4.8,6,0.515,7,0.508,1,2
2013,Oklahoma City Thunder,60,2,9.21,1,9.15,1,112.4,1,102.6,4,9.8,1,0.527,3,0.469,15,2
2013,San Antonio Spurs,58,3,6.4,4,6.67,3,108.3,7,101.6,3,6.7,4,0.531,2,0.48,12,4
2014,Atlanta Hawks,38,16,-0.48,15,-0.88,14,105.9,13,106.4,13,-0.5,15,0.515,8,0.51,3,1
2014,Brooklyn Nets,44,13,-1,16,-1.58,16,106.7,10,107.7,15,-1,16,0.514,9,0.509,4,2
2014,Charlotte Bobcats,43,15,-0.22,14,-0.89,15,103.6,15,103.8,5,-0.2,14,0.481,15,0.491,8,1
2014,Chicago Bulls,48,11,1.85,11,1.2,12,102.5,16,100.5,2,2,11,0.471,16,0.471,15,1
2014,Dallas Mavericks,49,10,2.4,10,2.91,9,111.2,3,108.7,16,2.5,10,0.526,4,0.515,1,1
2014,Golden State Warriors,51,8,4.8,4,5.15,4,107.5,9,102.6,4,4.9,5,0.517,7,0.477,14,1
2014,Houston Rockets,54,5,4.56,6,5.06,5,111,4,106.3,12,4.7,7,0.531,3,0.489,9,1
2014,Indiana Pacers,56,4,4.4,7,3.63,8,104.1,14,99.3,1,4.8,6,0.49,14,0.46,16,3
2014,Los Angeles Clippers,57,3,6.98,2,7.27,2,112.1,1,104.8,9,7.3,2,0.526,4,0.484,12,2
2014,Memphis Grizzlies,50,9,1.57,12,2.18,11,106.3,11,104.6,7,1.7,12,0.494,13,0.497,6,1
2014,Miami Heat,54,5,4.76,5,4.15,7,110.9,5,105.8,11,5.1,4,0.554,1,0.511,2,4
2014,Oklahoma City Thunder,59,2,6.34,3,6.66,3,110.5,6,103.9,6,6.6,3,0.52,6,0.488,10,3
2014,Portland Trail Blazers,54,5,3.99,8,4.44,6,111.5,2,107.4,14,4.1,8,0.504,11,0.488,10,2
2014,San Antonio Spurs,62,1,7.72,1,8,1,110.5,6,102.4,3,8.1,1,0.537,2,0.482,13,5
2014,Toronto Raptors,48,11,3.24,9,2.55,10,108.8,8,105.3,10,3.5,9,0.498,12,0.493,7,1
2014,Washington Wizards,44,13,1.27,13,0.48,13,106,12,104.6,7,1.4,13,0.506,10,0.504,5,2
2016,Atlanta Hawks,48,7,3.61,7,3.49,7,105.1,15,101.4,2,3.7,7,0.516,6,0.48,13,2
2016,Boston Celtics,48,7,3.21,8,2.84,8,106.8,10,103.6,4,3.2,8,0.488,15,0.487,10,1
2016,Charlotte Hornets,48,7,2.72,9,2.36,9,107.1,9,104.3,7,2.8,9,0.502,11,0.496,7,1
2016,Cleveland Cavaliers,57,3,6,4,5.45,4,110.9,3,104.5,9,6.4,4,0.524,3,0.496,7,5
2016,Dallas Mavericks,42,14,-0.3,15,-0.02,15,106.7,11,107,13,-0.3,15,0.502,11,0.504,3,1
2016,Detroit Pistons,44,12,0.61,13,0.43,13,106.1,12,105.5,11,0.6,13,0.491,14,0.504,3,1
2016,Golden State Warriors,73,1,10.76,1,10.38,1,114.5,1,103.8,5,10.7,2,0.563,1,0.479,15,4
2016,Houston Rockets,41,16,0.2,14,0.34,14,108.3,7,108.1,16,0.2,14,0.516,6,0.516,2,1
2016,Indiana Pacers,45,11,1.71,10,1.62,10,104.6,16,102.9,3,1.7,10,0.497,13,0.489,9,1
2016,Los Angeles Clippers,53,6,4.28,6,4.13,5,108.3,7,103.8,5,4.5,6,0.524,3,0.48,13,1
2016,Memphis Grizzlies,42,14,-2.24,16,-2.14,16,105.4,14,107.8,14,-2.4,16,0.477,16,0.518,1,1
2016,Miami Heat,48,7,1.65,11,1.5,11,106.1,12,104.4,8,1.7,10,0.508,9,0.485,11,2
2016,Oklahoma City Thunder,55,5,7.28,3,7.09,3,113.1,2,105.6,12,7.5,3,0.524,3,0.484,12,3
2016,Portland Trail Blazers,44,12,0.83,12,0.98,12,108.8,6,108,15,0.8,12,0.511,8,0.503,5,2
2016,San Antonio Spurs,67,2,10.63,2,10.28,2,110.3,4,99,1,11.3,1,0.526,2,0.477,16,2
2016,Toronto Raptors,56,4,4.5,5,4.08,6,110,5,105.2,10,4.8,5,0.504,10,0.498,6,3
2019,Boston Celtics,49,9,4.44,6,3.9,8,112.7,8,108.3,7,4.4,6,0.534,6,0.514,9,2
2019,Brooklyn Nets,42,14,-0.07,15,-0.4,15,109.6,14,109.7,11,-0.1,15,0.52,13,0.512,11,1
2019,Denver Nuggets,54,4,3.95,8,4.19,7,113,6,108.9,8,4.1,8,0.527,12,0.521,5,2
2019,Detroit Pistons,41,16,-0.24,16,-0.56,16,109,15,109.2,9,-0.2,16,0.509,16,0.526,2,1
2019,Golden State Warriors,57,3,6.46,2,6.42,2,115.9,1,109.5,10,6.4,2,0.565,1,0.508,14,4
2019,Houston Rockets,53,5,4.77,5,4.96,5,115.5,2,110.7,14,4.8,5,0.542,4,0.525,3,2
2019,Indiana Pacers,48,11,3.33,10,2.76,10,109.9,13,106.5,3,3.4,9,0.53,9,0.516,6,1
2019,Los Angeles Clippers,48,11,0.85,13,1.09,13,112.4,10,111.5,16,0.9,13,0.529,10,0.514,9,1
2019,Milwaukee Bucks,60,1,8.87,1,8.04,1,113.8,4,105.2,1,8.6,1,0.55,2,0.503,16,3
2019,Oklahoma City Thunder,49,9,3.4,9,3.56,9,110.3,12,107,4,3.3,10,0.514,15,0.523,4,1
2019,Orlando Magic,42,14,0.71,14,0.28,14,108.9,16,108.1,6,0.8,14,0.518,14,0.515,8,1
2019,Philadelphia 76ers,51,7,2.7,11,2.25,11,112.6,9,110,12,2.6,11,0.532,8,0.512,11,2
2019,Portland Trail Blazers,53,5,4.2,7,4.43,6,114.7,3,110.5,13,4.2,7,0.528,11,0.516,6,3
2019,San Antonio Spurs,48,11,1.68,12,1.8,12,112.9,7,111.2,15,1.7,12,0.534,6,0.528,1,1
2019,Toronto Raptors,58,2,6.09,3,5.49,3,113.1,5,107.1,5,6,3,0.543,3,0.509,13,5
2019,Utah Jazz,50,8,5.26,4,5.28,4,110.9,11,105.7,2,5.2,4,0.538,5,0.507,15,1
2020,Boston Celtics,48,5,6.31,3,5.83,5,113.3,4,107,4,6.3,2,0.531,13,0.509,13,3
2020,Brooklyn Nets,35,14,-0.57,14,-1.01,16,108.9,15,109.5,9,-0.6,14,0.52,15,0.511,11,1
2020,Dallas Mavericks,43,12,4.95,6,4.87,6,116.7,1,111.7,15,5,6,0.545,4,0.525,5,1
2020,Denver Nuggets,46,6,2.11,11,2.35,10,113.1,5,111,14,2.1,11,0.535,8,0.533,2,3
2020,Houston Rockets,44,8,2.96,7,3.13,7,112.9,6,110.1,13,2.8,8,0.537,6,0.529,4,2
2020,Indiana Pacers,45,7,1.96,13,1.63,13,110,14,108,6,2,12,0.534,10,0.511,11,1
2020,Los Angeles Clippers,49,4,6.44,2,6.66,2,113.9,2,107.6,5,6.3,2,0.535,8,0.506,14,2
2020,Los Angeles Lakers,52,3,5.79,5,6.28,3,112,10,106.3,3,5.7,5,0.542,5,0.515,10,5
2020,Miami Heat,44,8,2.95,8,2.59,8,112.5,7,109.5,9,3,7,0.547,3,0.523,6,4
2020,Milwaukee Bucks,56,1,10.08,1,9.41,1,112.4,8,102.9,1,9.5,1,0.552,1,0.489,16,2
2020,Oklahoma City Thunder,44,8,1.99,12,2.33,11,110.8,13,108.8,7,2,12,0.53,14,0.518,8,1
2020,Orlando Magic,33,16,-1.01,15,-0.93,15,108.5,16,109.5,9,-1,15,0.506,16,0.535,1,1
2020,Philadelphia 76ers,43,12,2.38,10,2.25,12,111.3,11,109,8,2.3,10,0.534,10,0.523,6,1
2020,Portland Trail Blazers,35,14,-1.15,16,-0.61,14,113.7,3,114.8,16,-1.1,16,0.533,12,0.53,3,1
2020,Toronto Raptors,53,2,6.24,4,5.97,4,111.1,12,105,2,6.1,4,0.536,7,0.502,15,2
2020,Utah Jazz,44,8,2.47,9,2.52,9,112.3,9,109.9,12,2.4,9,0.549,2,0.518,8,1
2021,Atlanta Hawks,41,11,2.32,9,2.14,10,115.7,8,113.3,14,2.4,9,0.539,12,0.53,12,3
2021,Boston Celtics,36,15,1.46,13,1.32,13,114,10,112.5,11,1.5,13,0.543,9,0.539,4,1
2021,Brooklyn Nets,48,4,4.5,7,4.24,7,118.3,1,113.8,15,4.5,7,0.575,1,0.531,10,2
2021,Dallas Mavericks,42,8,2.26,11,2.26,9,115.4,9,113,12,2.4,9,0.55,7,0.534,8,1
2021,Denver Nuggets,47,5,4.93,6,4.82,6,117.1,7,112.1,10,5,6,0.557,6,0.545,2,2
2021,Los Angeles Clippers,47,5,6.18,2,6.02,2,117.6,3,111.2,6,6.4,2,0.564,3,0.531,10,3
2021,Los Angeles Lakers,42,8,2.79,8,2.77,8,109.9,16,107.1,1,2.8,8,0.536,13,0.526,13,1
2021,Memphis Grizzlies,38,14,1.03,14,1.07,14,112,12,111,5,1,14,0.528,15,0.535,7,1
2021,Miami Heat,40,13,0.03,15,-0.06,15,111.2,13,111.2,6,0,15,0.546,8,0.542,3,1
2021,Milwaukee Bucks,46,7,5.89,3,5.57,4,117.2,5,111.4,9,5.8,4,0.566,2,0.536,6,5
2021,New York Knicks,41,11,2.31,10,2.13,11,110.6,15,108.2,3,2.4,9,0.524,16,0.509,15,1
2021,Philadelphia 76ers,49,3,5.58,5,5.28,5,113.2,11,107.6,2,5.6,5,0.541,10,0.521,14,2
2021,Phoenix Suns,51,2,5.82,4,5.67,3,117.2,5,111.3,8,5.9,3,0.564,3,0.534,8,4
2021,Portland Trail Blazers,42,8,1.79,12,1.81,12,117.8,2,116,16,1.8,12,0.54,11,0.546,1,1
2021,Utah Jazz,52,1,9.25,1,8.97,1,117.6,3,108.3,4,9.3,1,0.563,5,0.507,16,2
2021,Washington Wizards,34,16,-1.83,16,-1.85,16,111.2,13,113,12,-1.8,16,0.531,14,0.539,4,1
2023,Atlanta Hawks,41,16,0.29,14,0.32,13,116.6,6,116.3,15,0.3,14,0.541,12,0.552,3,1
2023,Boston Celtics,57,2,6.52,1,6.38,1,118,2,111.5,3,6.5,1,0.566,4,0.528,14,3
2023,Brooklyn Nets,45,9,0.85,11,1.03,11,115,12,114.1,10,0.9,11,0.562,6,0.53,13,1
2023,Cleveland Cavaliers,51,5,5.38,2,5.23,2,116.1,7,110.6,1,5.5,2,0.556,8,0.535,10,1
2023,Denver Nuggets,53,4,3.33,6,3.04,6,117.6,5,114.2,11,3.4,6,0.573,1,0.543,4,5
2023,Golden State Warriors,44,11,1.8,10,1.66,10,116.1,7,114.4,12,1.7,10,0.571,3,0.54,7,2
2023,Los Angeles Clippers,44,11,0.5,13,0.31,14,115,12,114.5,13,0.5,13,0.551,10,0.543,4,1
2023,Los Angeles Lakers,43,14,0.57,12,0.43,12,114.5,14,113.9,9,0.6,12,0.542,11,0.535,10,3
2023,Memphis Grizzlies,51,5,3.94,4,3.6,5,115.1,10,111.2,2,3.9,4,0.54,14,0.526,15,1
2023,Miami Heat,44,11,-0.32,16,-0.13,15,113,16,113.3,6,-0.3,16,0.53,16,0.561,2,4
2023,Milwaukee Bucks,58,1,3.63,5,3.61,4,115.4,9,111.9,4,3.5,5,0.555,9,0.52,16,1
2023,Minnesota Timberwolves,42,15,-0.04,15,-0.22,16,113.7,15,113.8,8,-0.1,15,0.56,7,0.54,7,1
2023,New York Knicks,47,8,2.93,7,2.99,7,117.8,3,114.8,14,3,7,0.541,12,0.536,9,2
2023,Philadelphia 76ers,54,3,4.32,3,4.37,3,117.7,4,113.3,6,4.4,3,0.563,5,0.541,6,2
2023,Phoenix Suns,45,9,2.07,9,2.08,9,115.1,10,113,5,2.1,9,0.535,15,0.532,12,2
2023,Sacramento Kings,48,7,2.65,8,2.3,8,119.4,1,116.8,16,2.6,8,0.572,2,0.563,1,1
