Source.Name,Team,OppFG,OppFGA,OppFG%,Opp3P,Opp3PA,Opp3P%,Opp2P,Opp2PA,Opp2P%,OppFT,OppFTA,OppFT%,OppORB,OppDRB,OppTRB,OppAST,OppSTL,OppBLK,OppTOV,OppPF,OppPTS
1991,Detroit Pistons*,37.2,82.2,0.453,1.9,6.1,0.312,35.3,76.1,0.464,20.4,26.5,0.77,12.2,27.7,40,21.2,7.1,3.5,13.7,24.2,96.8
1991,Los Angeles Lakers*,40.9,88.6,0.462,2.2,7,0.311,38.7,81.6,0.475,15.6,20.7,0.752,13.8,26.7,40.5,24.4,8.1,4.1,14.3,22.2,99.6
1991,Utah Jazz*,39.2,85.5,0.459,2.5,8.1,0.307,36.7,77.4,0.475,19.7,25.5,0.773,13.4,27.8,41.2,22.7,8.4,5,15.3,24.3,100.7
1991,Chicago Bulls*,39.8,84,0.475,2.3,7.6,0.304,37.5,76.3,0.492,19,24.6,0.77,13,26.4,39.3,24.6,7.7,4.2,17.1,22.3,101
1991,San Antonio Spurs*,39.8,88.9,0.448,2.7,8.6,0.31,37.2,80.3,0.463,20.3,26.7,0.761,13.7,27.7,41.4,23.5,9.8,5.3,15.4,24.5,102.6
1991,Houston Rockets*,40.7,89.2,0.456,2.2,7.6,0.295,38.5,81.6,0.471,19.6,25.4,0.771,15.1,29.6,44.8,24,8.7,4.4,17.3,21.8,103.2
1991,New York Knicks*,41.6,87.3,0.476,2.2,6.6,0.336,39.4,80.7,0.488,17.9,23.2,0.773,13.6,28.5,42.1,24.4,8.8,4.5,15.1,22.1,103.3
1991,Milwaukee Bucks*,40.1,82.6,0.486,2.3,7,0.329,37.8,75.6,0.5,21.4,28.2,0.759,13.5,28.2,41.7,24.7,8.6,5.6,18.7,23.3,104
1991,Seattle SuperSonics*,40.1,82.2,0.488,2.5,7.7,0.327,37.5,74.5,0.504,22.8,30,0.759,13.5,26.2,39.7,22.6,8.9,5.4,18.1,22.2,105.4
1991,Philadelphia 76ers*,43.1,90.6,0.476,2.4,8,0.297,40.7,82.6,0.493,16.9,21.9,0.774,14.1,30.7,44.8,27.1,8.4,4.8,14.4,22.7,105.6
1991,Boston Celtics*,41.7,92.2,0.452,2.3,7.5,0.313,39.4,84.7,0.465,20,25.4,0.786,14.5,26.9,41.4,25,9,4.6,13.7,20.2,105.7
1991,Portland Trail Blazers*,40.5,88.7,0.456,2.9,8.9,0.323,37.6,79.8,0.471,22.2,28.5,0.777,13.2,28.7,41.9,25,7.7,4.3,17,25.3,106
1991,Phoenix Suns*,42.2,91.5,0.462,2.2,7.1,0.312,40,84.3,0.474,20.8,27.4,0.76,14.6,28,42.6,24,8.3,5.6,15.6,25.1,107.5
1991,Atlanta Hawks*,43.5,88,0.494,2.6,7.6,0.349,40.9,80.5,0.508,19.4,25.2,0.767,13.2,30.5,43.6,28.3,8.4,4.4,15.7,24.8,109
1991,Indiana Pacers*,43.6,89,0.49,2.3,7.4,0.305,41.4,81.6,0.507,22.6,30.4,0.743,14.7,28.2,42.9,25.2,8.9,4.3,15.4,24.8,112.1
1991,Golden State Warriors*,43.2,89.6,0.482,2.7,8.4,0.322,40.5,81.3,0.499,25.9,34.1,0.758,15.8,30.2,46,26.4,8.9,5.3,18.7,26.9,115
1993,New York Knicks*,34.4,80.7,0.426,2.8,9.2,0.305,31.6,71.6,0.442,23.8,31.5,0.755,12.6,28.4,40.9,20.2,8,4.7,16.6,24.5,95.4
1993,Chicago Bulls*,38.3,80.8,0.474,3,8.4,0.361,35.3,72.4,0.487,19.3,24.8,0.779,12.7,27.6,40.3,23.4,7.3,4.4,16.7,21.1,98.9
1993,Houston Rockets*,39.7,86.9,0.457,3,8.9,0.332,36.7,78,0.471,17.5,22.9,0.763,14.2,28,42.2,24,8.7,4,15,21.9,99.8
1993,Cleveland Cavaliers*,41.1,88.2,0.466,2.8,8.5,0.329,38.3,79.7,0.481,16.3,21.2,0.766,13.6,29,42.6,25.7,7.4,4.5,14.7,22.3,101.3
1993,Seattle SuperSonics*,38.3,81.8,0.469,3.3,9.9,0.337,35,71.9,0.487,21.3,28,0.759,13.1,27.1,40.2,22.4,8,5,18.5,22.6,101.3
1993,New Jersey Nets*,39.4,84.7,0.465,2.5,7.5,0.325,37,77.2,0.479,20.3,27.4,0.741,13.4,28.6,42,21.8,9.5,5.1,15.9,22.9,101.6
1993,Boston Celtics*,39.4,85.1,0.463,2.6,7.9,0.332,36.8,77.2,0.476,21.3,27.7,0.771,13.3,29,42.3,24,7.8,4.7,14.4,20.4,102.8
1993,San Antonio Spurs*,40.1,87.5,0.458,3.3,9.1,0.361,36.8,78.4,0.47,19.3,25,0.772,13.2,29.1,42.3,23.2,8,4.5,13.8,24.4,102.8
1993,Utah Jazz*,39.7,85,0.467,3.3,10.2,0.325,36.4,74.8,0.487,21.3,28.6,0.744,13.7,28.2,41.9,23.5,7.9,5.7,15.7,24,104
1993,Portland Trail Blazers*,40.7,86.9,0.468,3.4,9.9,0.342,37.3,77,0.485,20.6,27.1,0.76,12.5,30.8,43.3,25.1,7.9,5.5,17.1,25.5,105.4
1993,Los Angeles Lakers*,41.9,86.8,0.483,3,8.9,0.337,38.9,77.9,0.5,18.6,25,0.746,14.1,29.4,43.5,26,8.4,4.7,16.3,22.8,105.5
1993,Indiana Pacers*,39.8,84.8,0.469,2.6,8.6,0.306,37.1,76.2,0.487,23.9,32.1,0.743,14.5,28.6,43.1,24.2,8.5,4.7,14.4,24.1,106.1
1993,Phoenix Suns*,42.7,89.1,0.479,3,9.1,0.333,39.6,80,0.496,18.3,25.3,0.723,13.6,28.2,41.9,25.7,8.6,6.2,16.2,24.9,106.7
1993,Los Angeles Clippers*,40.4,86,0.47,3.4,9.6,0.348,37,76.4,0.485,22.6,29.7,0.763,14.4,29.7,44.1,24,9.3,5.5,17.6,21.6,106.8
1993,Atlanta Hawks*,42.8,86.3,0.496,3.4,10.2,0.337,39.4,76.1,0.517,19.3,25.5,0.758,13.2,29.4,42.6,26.7,9,4.4,16.6,22.9,108.4
1993,Charlotte Hornets*,44.3,93.9,0.472,2.9,9.2,0.311,41.5,84.7,0.49,18.9,25.4,0.744,16.5,29.3,45.8,27.8,7.3,5.3,15.2,23.5,110.4
1995,Cleveland Cavaliers*,34.2,74.2,0.461,4.8,13.5,0.357,29.4,60.7,0.484,16.6,22,0.757,10.4,27.4,37.8,22.1,6.8,5.3,14.8,21.6,89.8
1995,New York Knicks*,34.1,78.2,0.437,4.8,14.2,0.341,29.3,64,0.458,22,29.9,0.736,12.5,28.3,40.7,19.3,7.8,4,15.4,23.3,95.1
1995,Atlanta Hawks*,36.6,79.1,0.463,5.1,14.8,0.347,31.5,64.3,0.489,17,23.4,0.726,12.8,29.2,42,21.1,7.4,3.9,16.6,22.1,95.3
1995,Indiana Pacers*,35.6,78.1,0.456,5.8,15.9,0.364,29.8,62.2,0.479,18.5,25.5,0.726,12.8,26.3,39.1,22,8.4,5.1,16.7,25.1,95.5
1995,Chicago Bulls*,35.6,78,0.457,4.9,14,0.349,30.8,64,0.48,20.5,27.8,0.738,13,27.5,40.5,20.9,8.4,4.5,18.1,23.1,96.7
1995,Charlotte Hornets*,37.7,83,0.454,5.2,15.7,0.333,32.4,67.3,0.482,16.8,22.7,0.74,13.4,28.8,42.3,23.1,6.5,4.5,14.8,22.7,97.3
1995,Utah Jazz*,34.7,76.6,0.453,6.7,17.5,0.382,28,59.2,0.474,22.4,30.2,0.741,11.2,25.9,37.1,20.9,7.9,5.2,16.5,25,98.4
1995,Portland Trail Blazers*,36,78.8,0.456,5.4,14.5,0.372,30.6,64.3,0.476,21.9,29,0.754,10.8,28,38.8,21.8,7.8,4.9,15.9,23.6,99.2
1995,Denver Nuggets*,37.2,81.6,0.456,5.1,14.7,0.347,32.1,66.9,0.479,21,28,0.75,12.5,26.9,39.4,21.8,7.8,5.6,14.2,23.9,100.5
1995,San Antonio Spurs*,38.6,85,0.454,5.2,15.3,0.341,33.4,69.8,0.479,18.2,25.5,0.714,12.4,28.1,40.5,22.9,7.7,5,14.4,25.2,100.6
1995,Houston Rockets*,39,86.1,0.453,6.2,16.4,0.376,32.9,69.7,0.472,17.2,22.9,0.751,14.2,29.1,43.3,23.7,9.1,4.5,15.5,21.7,101.4
1995,Seattle SuperSonics*,36.7,80.9,0.453,6.3,18.5,0.343,30.3,62.5,0.486,22.5,30.7,0.735,13,26.9,39.9,22.5,8,6,18.1,24.7,102.2
1995,Orlando Magic*,39.5,86.5,0.457,5.7,15.1,0.378,33.8,71.4,0.474,19,25.7,0.741,13.9,27.1,41,24.2,8.5,4.5,15,23.8,103.8
1995,Boston Celtics*,40.3,83.2,0.484,4.6,12.8,0.358,35.7,70.4,0.507,19.5,27.1,0.72,13,28.5,41.5,24.4,8,5.5,15,23.4,104.7
1995,Los Angeles Lakers*,40.2,86,0.468,5.6,15.8,0.352,34.7,70.2,0.494,19.3,27.2,0.708,15.6,30.2,45.8,26.9,7.9,6,17,22,105.3
1995,Phoenix Suns*,40.5,84.9,0.477,6.4,18.8,0.34,34.1,66.1,0.516,19.4,26.1,0.744,12.7,29.6,42.3,26.2,8,4.8,15.7,24.7,106.8
1996,Cleveland Cavaliers*,32.6,70.6,0.462,6.3,16.1,0.388,26.4,54.5,0.484,17.1,22.5,0.759,10.7,26.4,37.1,22.2,6.1,4.1,15.6,20.3,88.5
1996,Chicago Bulls*,35.1,78.4,0.448,5.3,15.2,0.35,29.8,63.2,0.472,17.4,24.2,0.717,12,26,38,19.4,7.3,3.8,17.1,22.6,92.9
1996,Detroit Pistons*,34.5,77.7,0.443,6.2,16.8,0.366,28.3,60.9,0.465,17.8,24.9,0.715,11.8,27.7,39.4,21.1,6.8,4.7,14.1,23,92.9
1996,New York Knicks*,34.9,78.9,0.442,5.4,16,0.337,29.5,62.9,0.468,19.8,26.7,0.74,12.1,29.6,41.7,20.4,8,3.4,15.8,21.5,94.9
1996,Miami Heat*,33.3,76.9,0.434,5.4,15.1,0.361,27.9,61.8,0.452,22.9,30.5,0.752,12,28.2,40.2,20.1,8.1,4.9,15.7,24.8,95
1996,Utah Jazz*,33.5,75.3,0.445,6.7,17.4,0.385,26.8,57.9,0.463,22.2,29.5,0.751,11.4,26.2,37.6,20,7.1,5,15.7,24.2,95.9
1996,Indiana Pacers*,34.6,76.7,0.452,6,16.7,0.36,28.6,60,0.477,20.8,28.1,0.74,12.2,25,37.3,21,8.1,5.1,15.4,24.9,96.1
1996,Seattle SuperSonics*,35,79.9,0.438,6.5,18.7,0.348,28.5,61.2,0.466,20.2,28.2,0.716,13.1,27.5,40.6,21.7,9.2,4.8,18.5,24.5,96.7
1996,Portland Trail Blazers*,36,81.4,0.442,5.8,16.5,0.348,30.3,64.9,0.466,19.2,25.9,0.74,11.4,28.2,39.6,22.2,8.6,5,14.5,24.3,97
1996,Atlanta Hawks*,37.1,78.3,0.474,5.8,16.2,0.36,31.3,62.1,0.504,17,22.7,0.746,12.9,28,40.8,22.5,7.1,4.1,17.1,22,97.1
1996,San Antonio Spurs*,36.8,83.7,0.439,5.4,16.3,0.33,31.4,67.4,0.466,18.1,24.8,0.73,13.5,30.2,43.7,22.5,7.4,5.2,15.3,24,97.1
1996,Los Angeles Lakers*,38,83,0.458,5.4,14.7,0.367,32.6,68.3,0.478,17,23.1,0.738,14,28.2,42.2,24.5,7.2,5.9,16.3,22,98.5
1996,Orlando Magic*,37.3,82.1,0.454,6,16.5,0.366,31.3,65.6,0.477,18.3,24.8,0.736,13.3,28.8,42.1,22.8,7.9,4,15.1,22.3,99
1996,Houston Rockets*,38.8,84.3,0.46,5.9,16.4,0.359,32.9,67.9,0.484,17.4,24.5,0.707,13.7,30.5,44.2,23.7,8.2,4.9,14.9,22.5,100.7
1996,Sacramento Kings*,36.4,78.8,0.462,5.6,14.8,0.379,30.8,64,0.482,23.8,31.7,0.751,12.9,28.2,41.1,22,9.4,6.2,16.5,24.5,102.3
1996,Phoenix Suns*,39.2,83.4,0.471,6.7,18.2,0.369,32.5,65.2,0.499,18.8,25.4,0.739,12.2,29,41.3,25.5,7.1,5.1,14.5,24.5,104
1998,San Antonio Spurs*,33.4,81.2,0.411,4.1,12.5,0.328,29.3,68.6,0.426,17.7,23.9,0.74,12.4,27.3,39.7,19,8.9,4.6,12.7,22.5,88.5
1998,New York Knicks*,32,74.8,0.428,4,12.7,0.317,28,62,0.451,21.1,28.1,0.75,10.4,28.5,39,19.3,8,3.8,15,20.8,89.1
1998,Chicago Bulls*,34.1,79.1,0.431,4,12.5,0.322,30.1,66.6,0.452,17.4,23.9,0.729,12.4,27.3,39.7,19.5,8,4.3,15.5,21.6,89.6
1998,Cleveland Cavaliers*,32.8,75.8,0.433,4.2,12.1,0.344,28.6,63.7,0.45,20,26.5,0.755,11.6,27.2,38.7,21.8,8.6,5.5,17.6,23.2,89.8
1998,Indiana Pacers*,34,78.7,0.432,3.3,10.6,0.316,30.7,68.1,0.45,18.6,25.6,0.728,13.6,27.5,41.1,19.4,7.9,4.5,15.1,22.5,89.9
1998,Miami Heat*,33.2,77.5,0.428,3.7,11.2,0.331,29.5,66.3,0.445,19.9,26.8,0.744,12.9,27.2,40.1,19.9,7.8,4.5,14.8,22.6,90
1998,Atlanta Hawks*,36.1,81.7,0.442,4.2,12.4,0.342,31.9,69.3,0.46,15.9,21.6,0.735,13.2,26.2,39.4,21.4,7.5,4.5,13.6,23.1,92.3
1998,Portland Trail Blazers*,34.3,79.5,0.431,4.5,13.3,0.343,29.7,66.3,0.449,19.8,27.5,0.722,12.3,26.8,39.2,21.5,9.4,5.4,14.1,22.2,92.9
1998,Seattle SuperSonics*,35.3,79.2,0.446,5.1,15.7,0.324,30.2,63.5,0.476,17.7,24.4,0.724,13.9,28.2,42.1,22.3,7.8,4.9,17,22.2,93.4
1998,Utah Jazz*,34.2,77.9,0.439,4.9,13.7,0.357,29.3,64.2,0.457,21.1,27.9,0.757,12,24.5,36.5,20.6,7.9,5.2,14.1,26,94.4
1998,Phoenix Suns*,35.6,80.7,0.442,4.8,13.3,0.361,30.8,67.4,0.458,18.3,25,0.732,12.8,28.6,41.4,22,8.8,3.9,16.6,21.6,94.4
1998,Charlotte Hornets*,36.3,78.3,0.464,4.5,13,0.347,31.8,65.3,0.487,17.5,24,0.731,11.8,27.5,39.3,22,7.1,4.5,15.1,23.2,94.6
1998,Los Angeles Lakers*,36.4,82.9,0.439,4.6,13.1,0.355,31.8,69.9,0.455,20.4,27.8,0.732,13.7,28.5,42.2,22.5,8,5.2,15.6,26.2,97.8
1998,New Jersey Nets*,36.8,78.1,0.471,4.3,12.6,0.346,32.4,65.6,0.495,20.2,27,0.748,13.2,28.2,41.4,21.6,7.5,6.3,18.1,24.7,98.1
1998,Houston Rockets*,38.7,82.5,0.469,5,13.7,0.365,33.7,68.9,0.489,17.1,23.1,0.744,12.7,28.4,41.1,23.3,8.9,4.5,14.3,21.3,99.5
1998,Minnesota Timberwolves*,37.5,83.7,0.448,5.3,14.7,0.358,32.2,69,0.468,20.1,27.1,0.742,13.6,29.4,43,23.3,7.4,5,15,22.7,100.4
2000,San Antonio Spurs*,35.2,82.7,0.425,4.3,12.6,0.343,30.8,70.1,0.44,15.6,21,0.739,12,29.4,41.4,20.3,7.9,5.2,14.4,23.1,90.2
2000,New York Knicks*,33.1,78,0.424,4.9,14.6,0.338,28.1,63.4,0.444,19.6,26.3,0.747,11.3,29.8,41.1,19.6,7.4,4.3,14.2,21.9,90.7
2000,Portland Trail Blazers*,34.5,80,0.431,4.8,14.6,0.33,29.6,65.4,0.453,17.3,24.2,0.716,11.9,27.1,39,20.8,8,4.3,14.5,22.8,91
2000,Miami Heat*,33.9,80.4,0.422,5,13.8,0.361,29,66.6,0.434,18.4,24.7,0.748,11.9,28.5,40.4,19.3,7.6,4.4,14,21.9,91.3
2000,Utah Jazz*,33.9,76.1,0.446,4.7,13.4,0.354,29.2,62.7,0.465,19.5,26.1,0.746,10.8,27.3,38.1,19.8,7.2,5,15.5,24.7,92
2000,Los Angeles Lakers*,34.6,83.2,0.416,4.5,13.9,0.326,30.1,69.3,0.434,18.5,24.9,0.742,12.3,30.9,43.1,19.5,7.6,4.2,14.6,25.6,92.3
2000,Philadelphia 76ers*,35,80.4,0.435,5.1,14.3,0.356,29.9,66.1,0.452,18.4,24.4,0.755,13,30.5,43.5,22.3,7.7,6.5,17.6,24.1,93.4
2000,Phoenix Suns*,34.5,81.3,0.424,4.9,14,0.352,29.5,67.3,0.439,19.9,26.9,0.739,13.1,30.1,43.1,20.7,8.9,5.2,17.3,21.9,93.7
2000,Charlotte Hornets*,37.2,83.1,0.448,5,13.2,0.378,32.2,69.8,0.461,16.4,22,0.745,11.8,31.1,42.9,23.2,7.4,5.1,15.8,25.3,95.8
2000,Minnesota Timberwolves*,35.7,80.2,0.445,4.6,13,0.356,31,67.2,0.462,20,26.6,0.752,11.2,29.8,40.9,21.2,7.2,4.2,15,20.5,96
2000,Indiana Pacers*,38,85.1,0.446,4,12.3,0.327,34,72.9,0.466,16.8,22.2,0.755,12.7,31,43.7,21.2,7.4,3.9,13.7,23.3,96.7
2000,Toronto Raptors*,36.6,80.7,0.454,4.2,12.5,0.339,32.4,68.2,0.475,19.9,26,0.764,11.7,31.1,42.8,21.8,6.8,5.3,15.2,22.9,97.3
2000,Seattle SuperSonics*,38.2,84.6,0.451,5.4,15.8,0.34,32.8,68.9,0.477,16.4,21.9,0.748,13.2,31.8,45.1,23.6,7.2,5.3,15.3,22.4,98.1
2000,Milwaukee Bucks*,37,81,0.457,6.5,16.5,0.391,30.5,64.5,0.473,20.5,27.3,0.752,12.6,28.9,41.5,24.2,7.8,4.1,15.9,22.8,101
2000,Sacramento Kings*,39.9,88.3,0.452,4.8,13.7,0.353,35,74.6,0.47,17.5,23.3,0.751,13.9,33.7,47.6,23.8,9.2,4.9,17.5,23.7,102
2000,Detroit Pistons*,38,81.8,0.465,5.6,15,0.371,32.5,66.7,0.486,20.4,27.3,0.746,11.9,30.5,42.4,23.1,8,4.8,17.1,27.1,102
2001,New York Knicks*,31.3,75.1,0.417,5.4,15.4,0.352,25.9,59.7,0.434,18,24.6,0.733,10.6,29.5,40.1,19.2,7.3,4.1,14.8,21.4,86.1
2001,Miami Heat*,32.9,76.4,0.431,4.4,13.3,0.331,28.5,63.1,0.452,16.3,22.2,0.737,11.1,30.8,42,17.3,7.3,5.2,15.5,22.2,86.6
2001,San Antonio Spurs*,34.6,82.6,0.419,4.2,12.7,0.329,30.4,69.8,0.435,15,20.3,0.741,11.8,29.7,41.5,19.7,7.3,5.2,13.5,23.7,88.4
2001,Charlotte Hornets*,33.7,79.3,0.426,4.7,13.2,0.36,29,66.1,0.439,17.6,23.3,0.756,10.9,29.7,40.6,21.3,7.5,4.6,14.7,21.6,89.8
2001,Philadelphia 76ers*,35,81.7,0.429,5.2,15.2,0.342,29.8,66.5,0.448,15.2,20.2,0.749,12,28.9,40.9,21.6,8.2,5.6,15.4,23.6,90.4
2001,Portland Trail Blazers*,34.4,78.5,0.438,5,13.5,0.368,29.4,65,0.452,17.5,23.5,0.744,11.5,27.3,38.8,21.3,7.9,4,14.8,21.2,91.2
2001,Phoenix Suns*,34,78.3,0.435,4,11.4,0.349,30.1,66.9,0.449,19.7,25.9,0.761,11,31.6,42.6,20.1,8.3,5.1,17.5,22.2,91.8
2001,Utah Jazz*,32.5,74.1,0.439,5,14.6,0.343,27.5,59.5,0.462,22.3,29.2,0.765,10.7,26.6,37.3,19.1,8.5,5.5,16.1,24.5,92.4
2001,Indiana Pacers*,34.5,81.5,0.423,4.6,13.7,0.336,29.9,67.8,0.441,19.2,25.3,0.758,12.7,30.4,43.1,20.7,7.2,4.7,13.6,23,92.8
2001,Toronto Raptors*,36.7,82,0.447,4.6,12.7,0.363,32.1,69.3,0.463,17.4,23,0.754,11.3,30.6,41.9,20.7,6.8,5.4,14.1,21.9,95.4
2001,Sacramento Kings*,37.6,87.1,0.432,4.9,13.8,0.355,32.8,73.3,0.447,15.7,21,0.749,13.7,32.2,45.9,22.1,8.1,5.8,16.3,21.5,95.9
2001,Minnesota Timberwolves*,36.3,80.3,0.452,4.3,12.1,0.351,32,68.2,0.47,19.1,26.4,0.724,11.8,30.5,42.3,22.4,7.1,4.4,15.2,20.2,96
2001,Dallas Mavericks*,35.8,81.6,0.439,4.6,13.9,0.334,31.2,67.7,0.46,19.9,27.2,0.731,13,32,45,21.7,7.6,4.6,15.5,22.5,96.2
2001,Orlando Magic*,34.5,79.3,0.435,4.5,12.9,0.346,30,66.3,0.453,23,31.3,0.735,12.9,31.8,44.8,21.9,8.5,5.4,17.2,23.7,96.5
2001,Milwaukee Bucks*,35.5,80.8,0.439,5.4,15.2,0.352,30.2,65.6,0.46,20.5,26.7,0.768,12.4,30.4,42.7,23,7.2,4.3,15.5,21.7,96.9
2001,Los Angeles Lakers*,36.4,83.1,0.438,5,14.2,0.354,31.3,68.9,0.455,19.5,25.8,0.754,12,29.4,41.3,20.2,7.5,4,13.1,24.4,97.2
2004,San Antonio Spurs*,31.9,77.9,0.409,3.8,11.6,0.327,28.1,66.3,0.423,16.7,22.5,0.744,11.1,30,41.1,17.3,7.7,4.6,15.3,22.4,84.3
2004,Detroit Pistons*,32.1,77.8,0.413,4.3,14.4,0.302,27.8,63.4,0.438,15.7,21.1,0.744,12,28.7,40.6,19,7.9,5,16,22.9,84.3
2004,Indiana Pacers*,32.6,75.4,0.432,4,12.4,0.324,28.6,63,0.453,16.5,22,0.75,10.6,29.5,40.1,20.1,7.1,6.2,15.9,21.9,85.6
2004,New Jersey Nets*,32.8,76.9,0.427,5.1,14.5,0.35,27.7,62.3,0.445,17,22.3,0.761,10.6,30.1,40.8,19.8,8,4.6,16.1,21.2,87.8
2004,Houston Rockets*,32.1,78.1,0.412,5.6,15,0.372,26.6,63.1,0.421,18.2,24.7,0.737,11.1,28.7,39.7,20.6,8.7,4.4,13.5,20.7,88
2004,Minnesota Timberwolves*,33.4,80.8,0.414,4.8,14.4,0.334,28.6,66.4,0.431,17.4,23.1,0.753,12.2,29.3,41.5,20.7,6.7,3.6,13.5,20.2,89.1
2004,Miami Heat*,32.4,75.7,0.428,5.3,15.3,0.343,27.2,60.4,0.45,19.7,25.6,0.768,10.9,30.3,41.2,18.6,7,5.4,14.7,21.1,89.7
2004,New Orleans Hornets*,34.7,78.6,0.441,5.4,15.9,0.341,29.3,62.7,0.467,17.2,22.9,0.75,11.9,30.2,42.1,21.8,7.5,5.2,15.6,21.1,91.9
2004,New York Knicks*,34,79.2,0.429,5.1,15,0.338,28.9,64.2,0.45,20.5,26.8,0.763,11.6,29.8,41.4,20.4,8.2,4.7,13.8,19.5,93.5
2004,Los Angeles Lakers*,35.6,81,0.44,5.1,15.2,0.337,30.5,65.8,0.464,18,24,0.749,11.2,31.2,42.4,20.8,7.5,3.8,15.3,24.7,94.3
2004,Memphis Grizzlies*,34.9,79.9,0.436,4.5,13.3,0.338,30.4,66.6,0.456,20,26.2,0.764,13.4,30.6,44,20.4,8.2,5.6,17,23.1,94.3
2004,Denver Nuggets*,36.8,81.2,0.453,4.6,12.9,0.356,32.2,68.4,0.471,17.9,24.6,0.728,12.9,30.1,42.9,23.5,8.1,5.8,17.1,23.1,96.1
2004,Boston Celtics*,35.3,80.8,0.437,6.8,18.7,0.362,28.5,62.1,0.459,19.4,26.3,0.736,13,30.8,43.8,23,8.8,5,17.1,22.2,96.7
2004,Milwaukee Bucks*,37,81.9,0.452,5.6,15.8,0.352,31.4,66.1,0.475,17.4,23.6,0.739,12,30.7,42.7,22.8,7.5,5,14.2,22.9,97
2004,Sacramento Kings*,38.3,84.4,0.454,5,14.7,0.339,33.3,69.7,0.478,16.3,21.7,0.749,13.2,30.7,43.9,21.3,7.9,5,14.9,22.2,97.8
2004,Dallas Mavericks*,38.2,83.2,0.459,6.5,17.9,0.363,31.7,65.3,0.486,17.8,23.9,0.746,12.3,31.2,43.5,23.6,7.1,4.7,15.1,20.6,100.8
2007,San Antonio Spurs*,34.9,78.8,0.443,4.5,13.4,0.334,30.4,65.4,0.465,15.9,21.4,0.74,10.1,29,39.1,17.3,7.1,4.1,14.3,21.2,90.1
2007,Detroit Pistons*,34.4,77.3,0.445,5,14.7,0.339,29.4,62.6,0.47,18.1,24.5,0.74,11.9,29.3,41.2,20.1,6.4,3.5,14.7,20.3,91.8
2007,Houston Rockets*,34.1,79.3,0.429,5.8,16.4,0.351,28.3,62.9,0.45,18.3,24.4,0.749,9.8,31.1,40.8,19.4,7,4.3,14.2,19.9,92.1
2007,Dallas Mavericks*,34,76.1,0.447,4.6,13.1,0.349,29.5,63,0.467,20.2,27,0.746,10.2,27.9,38.1,17.9,6.9,3.8,14.5,22.1,92.8
2007,Cleveland Cavaliers*,34.6,77.3,0.448,4.9,15,0.329,29.7,62.3,0.476,18.8,25.6,0.734,9.8,30,39.9,20.1,6.6,4.3,15.3,22,92.9
2007,Chicago Bulls*,34.1,78.2,0.435,5.9,16.9,0.349,28.2,61.3,0.459,19.7,27.1,0.73,10.9,30,40.9,20.4,7.5,5.3,17.4,23.2,93.8
2007,Orlando Magic*,33.4,75.5,0.442,5.6,15.9,0.353,27.8,59.6,0.466,21.6,28.4,0.76,10.5,27,37.6,19.6,8.3,4.6,15,23.4,94
2007,Miami Heat*,35.3,79.5,0.444,6.5,18.2,0.355,28.8,61.2,0.471,18.5,24.9,0.742,11.2,30.1,41.3,20.2,6.9,3.8,14.5,21.8,95.5
2007,New Jersey Nets*,35.5,79,0.45,6.3,17.7,0.357,29.2,61.2,0.476,21,27.6,0.762,10.6,30.8,41.4,22,7.1,4.5,14.5,23,98.3
2007,Toronto Raptors*,37.2,80.4,0.463,6.5,18.2,0.357,30.7,62.2,0.494,17.6,23.3,0.754,10.3,32.2,42.5,21.2,6,3.9,15.1,21.8,98.5
2007,Utah Jazz*,34.4,75.5,0.455,6.2,17.4,0.355,28.2,58.1,0.485,23.7,30.9,0.767,9.9,27.1,37,18.9,7.6,5.3,15,24.5,98.6
2007,Phoenix Suns*,39.5,86.4,0.457,6.1,16.9,0.363,33.3,69.5,0.48,17.8,23.2,0.767,12.3,30.5,42.8,18.9,6.9,3.7,15.1,21.5,102.9
2007,Los Angeles Lakers*,37.8,81.9,0.461,6.4,17.8,0.358,31.4,64.1,0.49,21.5,28.3,0.76,11.6,30.6,42.2,21.9,7.9,5,14.7,23.4,103.4
2007,Denver Nuggets*,39.7,86.4,0.46,6.8,19.1,0.353,33,67.3,0.49,17.5,23.7,0.739,12.3,30,42.3,24.5,8.3,5.2,16.4,23.7,103.7
2007,Washington Wizards*,38.6,81.7,0.473,7.3,19.3,0.377,31.3,62.4,0.502,20.3,26.2,0.777,11.9,31.1,43,23.7,6.3,4.6,15.7,23.5,104.9
2007,Golden State Warriors*,38.7,83.8,0.462,7.4,20.3,0.366,31.2,63.5,0.492,22.1,29.5,0.75,13.1,33.3,46.4,24.7,8.3,4.9,18.6,22.3,106.9
2008,Detroit Pistons*,33.3,76.1,0.437,5,15,0.332,28.3,61,0.463,18.6,25,0.744,10.5,28.6,39.1,19.1,5.8,3.9,13.5,19.7,90.1
2008,Boston Celtics*,32.4,77.3,0.419,5.9,18.7,0.316,26.5,58.6,0.452,19.6,26.3,0.743,11,27.9,38.9,18.8,7.2,4.7,16,22.2,90.3
2008,San Antonio Spurs*,34.8,78.4,0.444,5.1,15,0.342,29.7,63.5,0.468,15.8,20.9,0.756,9.5,30.8,40.3,18.2,6.9,4.4,12.9,19.8,90.6
2008,Houston Rockets*,34.8,80.4,0.433,5.3,14.5,0.365,29.5,66,0.447,17.2,23.3,0.737,10.9,29.8,40.7,18.9,7.6,4.6,13.3,19.7,92
2008,New Orleans Hornets*,37,80.5,0.46,6.6,18.9,0.351,30.4,61.6,0.494,14.8,19.3,0.771,9.9,30.9,40.8,21.7,5.7,4,13.9,19.2,95.6
2008,Dallas Mavericks*,35.4,79.9,0.443,5,14.2,0.349,30.4,65.6,0.463,20.1,26.4,0.76,10.8,29.5,40.3,18.9,6.5,4.4,12.2,21.2,95.9
2008,Philadelphia 76ers*,36.6,79.3,0.461,6.8,18.9,0.36,29.8,60.4,0.493,16.2,21,0.772,11.3,28,39.2,23.2,6.7,5.1,15.7,20.8,96.2
2008,Cleveland Cavaliers*,35.8,78.8,0.455,6.2,17.3,0.357,29.7,61.5,0.482,18.9,25.2,0.748,9.9,30.5,40.4,21,6.8,4.7,13.3,20.3,96.7
2008,Toronto Raptors*,36.7,80.1,0.458,7.5,20.5,0.368,29.1,59.6,0.489,16.4,21.1,0.776,10.1,31.5,41.6,21.9,5.7,4.1,14,18.4,97.3
2008,Orlando Magic*,37.3,83.6,0.446,6.3,17.6,0.358,31,66,0.469,18.2,24.1,0.754,11,30.7,41.7,21.5,7.1,4.2,13.2,23.1,99
2008,Washington Wizards*,36.8,79.7,0.461,8.3,21.6,0.386,28.4,58.2,0.489,17.3,22.9,0.754,11,30.2,41.2,23.9,6.5,4.4,14,20.2,99.2
2008,Utah Jazz*,35.3,76.7,0.461,6.2,17.3,0.357,29.1,59.4,0.491,22.5,30.1,0.749,10.3,27.5,37.8,19.9,7.5,5.1,15.9,23.1,99.3
2008,Atlanta Hawks*,38,82.1,0.463,6.2,17.2,0.362,31.7,64.9,0.489,17.8,23.7,0.752,11.8,29.1,40.9,22.3,7.5,5.1,13.7,21.9,100
2008,Los Angeles Lakers*,38.1,85.6,0.445,6.8,18.7,0.362,31.4,67,0.469,18.3,24.3,0.752,12,30.7,42.8,21.9,7.7,4.5,14.2,22.6,101.3
2008,Phoenix Suns*,41.1,90,0.456,5.7,16.2,0.353,35.4,73.8,0.479,17.2,22.9,0.749,13.4,30.5,43.9,19.6,7.3,3.8,13.4,21.1,105
2008,Denver Nuggets*,40.7,89.1,0.457,7.6,20.9,0.363,33.1,68.2,0.485,18.1,24.7,0.73,12.7,32.7,45.4,25.7,7.9,4.8,16.4,23.8,107
2010,Charlotte Bobcats*,35.7,79.7,0.448,7,20.7,0.338,28.7,59,0.486,15.5,20.9,0.743,10.6,29,39.6,20.3,7.5,6.1,15.3,22,93.8
2010,Miami Heat*,34.3,78.1,0.439,6.4,18.7,0.342,27.9,59.5,0.469,19.2,25.5,0.754,10.4,30.3,40.7,18.8,6.3,4.3,14.4,20,94.2
2010,Portland Trail Blazers*,36,77.5,0.464,5.9,17.1,0.343,30.1,60.4,0.499,17,22.8,0.745,9.8,28.3,38.1,19.3,5.9,4.1,13.5,21.5,94.8
2010,Orlando Magic*,36,82.2,0.438,6.4,17.5,0.363,29.7,64.7,0.459,16.8,22.3,0.754,9.8,30.3,40,18.9,6.7,3.5,12.8,22.2,95.3
2010,Boston Celtics*,35.1,77.9,0.451,5.7,16.8,0.342,29.4,61.2,0.481,19.6,26.2,0.746,10.6,29.5,40.1,19.3,7,4.7,15.6,21.7,95.6
2010,Cleveland Cavaliers*,35.8,80.9,0.442,6.4,18.4,0.347,29.4,62.5,0.471,17.6,23.3,0.757,9.7,28.9,38.5,20.3,6.6,4,12.7,20.8,95.6
2010,Milwaukee Bucks*,35,77.6,0.451,5.3,15.6,0.343,29.7,62,0.478,20.6,27,0.765,9.6,33.2,42.8,19.3,7,5.1,15.3,20.3,96
2010,San Antonio Spurs*,36.9,81.6,0.452,5,14.6,0.343,31.9,67,0.476,17.5,23.1,0.756,9.9,29.6,39.5,19.2,6.9,5.1,12.6,20.4,96.3
2010,Los Angeles Lakers*,37.2,83.4,0.446,6.3,19.3,0.328,30.9,64.1,0.481,16.2,21.7,0.75,11.1,31,42.2,21.9,7,4.4,14.1,21.2,97
2010,Atlanta Hawks*,37.2,80.8,0.46,5.9,17,0.345,31.3,63.8,0.491,16.8,22.6,0.745,11.2,30.1,41.4,21,6.2,4.4,13.8,19.3,97
2010,Oklahoma City Thunder*,36.7,81.9,0.448,5.9,17.2,0.34,30.8,64.7,0.476,18.8,24.6,0.764,11.4,29.2,40.7,19.7,7.5,4.7,15.1,21.4,98
2010,Utah Jazz*,35.5,78.9,0.449,6.7,19,0.354,28.7,59.9,0.48,21.2,27.9,0.762,10.2,29,39.2,19.9,7.7,5.4,15.1,22.2,98.9
2010,Chicago Bulls*,37.1,84,0.442,7.1,20.5,0.348,30,63.5,0.472,17.8,23.9,0.744,11.2,31.6,42.7,20.9,7,5.3,13.3,20,99.1
2010,Dallas Mavericks*,37.9,83,0.457,6.4,18.5,0.347,31.5,64.5,0.488,17.1,22.5,0.758,11.2,31.6,42.9,20.2,6.9,4.1,14.6,20.1,99.3
2010,Denver Nuggets*,37.7,82.5,0.456,6.4,18.3,0.349,31.3,64.2,0.487,20.7,26.9,0.768,11.6,30.6,42.3,21,7,5.3,15.1,23.7,102.4
2010,Phoenix Suns*,39.5,87.4,0.452,6.8,19.3,0.355,32.6,68.1,0.479,19.6,25.8,0.76,13.2,29.2,42.3,20.8,7.9,4.5,13,21.8,105.3
2013,Memphis Grizzlies*,33.5,77,0.435,6.1,18.2,0.338,27.4,58.8,0.465,16.1,21.5,0.748,10.3,28.8,39.1,19.5,7.3,5.5,15.5,20,89.3
2013,Indiana Pacers*,34.5,82.2,0.42,5.4,16.6,0.327,29.1,65.6,0.444,16.2,21.3,0.76,11.2,29.6,40.9,19.2,7.5,5.7,13.5,21.9,90.7
2013,Chicago Bulls*,35.4,80.1,0.443,5.5,16,0.346,29.9,64.1,0.467,16.5,22.3,0.739,11,30.1,41.1,18.8,7.3,5.8,13.7,19.6,92.9
2013,Los Angeles Clippers*,34.6,78,0.443,7.6,20.5,0.373,26.9,57.5,0.468,17.9,23.9,0.749,10.9,28.2,39.1,22.1,7.4,4.1,16.1,20.9,94.6
2013,Miami Heat*,35.6,80.9,0.44,7.6,21.7,0.35,28,59.1,0.473,16.2,21.2,0.766,11.2,28.9,40.1,20.2,7.9,3.2,15.6,20.4,95
2013,Brooklyn Nets*,37.4,80.7,0.464,6.3,17.3,0.366,31.1,63.4,0.49,14,19.2,0.731,10.7,28.5,39.2,21.4,7.5,4.8,13.4,21.4,95.1
2013,New York Knicks*,35.6,77.6,0.458,7.8,21.8,0.357,27.8,55.8,0.498,16.8,22.2,0.757,10,31.6,41.6,19.3,6.4,4,15.1,19.2,95.7
2013,Oklahoma City Thunder*,36.2,85,0.425,7.4,21.5,0.346,28.7,63.5,0.452,16.7,21.6,0.774,12,28.7,40.7,20.5,8.2,3.9,14.8,20.7,96.5
2013,San Antonio Spurs*,37.5,84.9,0.442,6.3,17.9,0.353,31.2,66.9,0.466,15.2,20,0.76,11.1,31.4,42.5,21.4,8.2,4.9,14.9,19.1,96.6
2013,Boston Celtics*,36.1,82,0.441,6.8,19.9,0.342,29.3,62.1,0.472,17.7,23.9,0.74,11.4,32.1,43.6,21.6,7.8,4.7,15.3,19.4,96.7
2013,Atlanta Hawks*,37.5,83.2,0.45,7.6,19.9,0.379,29.9,63.3,0.473,15,19.7,0.763,11.3,32.4,43.7,22.3,8.4,4.3,15.2,18.8,97.5
2013,Golden State Warriors*,37.2,84.8,0.439,8,23.1,0.347,29.2,61.7,0.473,17.9,23.9,0.748,11.1,31.7,42.7,23.5,8.2,4.9,13.5,19.2,100.3
2013,Milwaukee Bucks*,38.4,84.7,0.454,6.5,18.5,0.348,32,66.2,0.483,17,22.5,0.759,12.4,33.6,46,23.1,8,4.4,16,19.1,100.4
2013,Los Angeles Lakers*,39.7,87.6,0.453,7.5,21,0.357,32.2,66.6,0.483,14.2,19.4,0.732,11.5,31.1,42.7,23.4,8.5,4.8,12.9,23.1,101
2013,Denver Nuggets*,38.1,85.7,0.444,8.4,23.1,0.363,29.7,62.6,0.474,16.6,22.7,0.731,12.4,29.2,41.6,23.6,8,6.8,15.9,21.6,101.1
2013,Houston Rockets*,38.8,85.5,0.454,8.1,21.9,0.368,30.8,63.5,0.484,16.8,21.6,0.776,10.7,31,41.6,22.7,8.5,6.1,14.8,20.4,102.5
2014,Chicago Bulls*,35,81.2,0.43,6.6,18.7,0.351,28.4,62.5,0.454,15.3,20.3,0.753,10.7,30.6,41.3,19.6,7.6,6,14.4,20.9,91.8
2014,Indiana Pacers*,34.8,82.7,0.42,6.6,19,0.345,28.2,63.7,0.443,16.3,21.6,0.755,10.4,30.7,41.2,18.6,7.2,4.6,13.7,21.9,92.3
2014,Memphis Grizzlies*,35.7,79.3,0.45,7.5,21.1,0.355,28.2,58.2,0.484,15.8,20.6,0.766,9.9,29.3,39.2,19.9,7.2,5,14.2,18.9,94.6
2014,Charlotte Bobcats*,36.9,83.4,0.442,8.1,22,0.369,28.7,61.4,0.468,15.3,20.1,0.759,9.6,33.7,43.3,21,6.3,5.1,13.3,20.9,97.1
2014,Miami Heat*,36.1,79,0.457,8.5,23.4,0.362,27.6,55.6,0.497,16.8,22.3,0.75,10.8,29.5,40.3,21.4,8.1,3.1,16.7,20.4,97.4
2014,San Antonio Spurs*,37.8,85.1,0.444,6.5,18.3,0.353,31.3,66.8,0.469,15.7,20.6,0.76,10.5,31.7,42.2,20.4,7.7,4.6,13.9,19.3,97.6
2014,Toronto Raptors*,36.1,80.2,0.45,6.9,19.2,0.36,29.1,60.9,0.478,19,25.3,0.752,10.4,30.5,41,21,7.3,4.3,14.9,22.1,98
2014,Washington Wizards*,37,80.9,0.458,7.5,21.5,0.347,29.6,59.4,0.498,17.8,23.3,0.765,10.1,32.1,42.2,22.2,7.7,3.9,16,19.5,99.4
2014,Brooklyn Nets*,36.3,79.4,0.458,8.1,22,0.367,28.3,57.4,0.492,18.8,24.7,0.76,11.2,31.6,42.9,21,7.4,4.1,15.8,20.8,99.5
2014,Golden State Warriors*,36.8,84.4,0.436,6.9,20.2,0.344,29.9,64.2,0.465,18.9,24.7,0.765,10.7,32.6,43.3,20.5,7.9,4.2,15,19.3,99.5
2014,Oklahoma City Thunder*,36.4,83.4,0.436,8.6,24,0.358,27.8,59.4,0.468,18.4,25.4,0.727,11,30,40.9,21.8,8.2,3.6,15.2,20.4,99.8
2014,Los Angeles Clippers*,37.4,84.9,0.441,7.3,21.8,0.332,30.2,63,0.479,18.9,25,0.755,12.3,31.4,43.7,23.3,7,3.5,15.4,23.4,101
2014,Atlanta Hawks*,38.6,83.5,0.462,8,21.9,0.365,30.6,61.6,0.497,16.4,21.9,0.748,10.8,32.8,43.5,23.2,8.2,4.3,15.2,20,101.5
2014,Dallas Mavericks*,37.8,81.4,0.464,8.3,23,0.359,29.5,58.4,0.505,18.7,24.6,0.758,11.5,31.3,42.8,22,7.7,3.5,16,19.9,102.4
2014,Portland Trail Blazers*,39.6,87.8,0.451,6.5,18.3,0.355,33.1,69.5,0.476,17,22.2,0.766,11.5,32,43.5,20.4,7.8,3.7,12,20.7,102.8
2014,Houston Rockets*,39,88,0.443,8.1,23,0.353,30.9,65,0.475,17,22.5,0.757,11.9,29.7,41.7,22.2,8.6,5.6,14,24.3,103.1
2016,San Antonio Spurs*,35.7,81.8,0.436,6.6,19.9,0.331,29.1,61.9,0.47,14.9,19.6,0.758,9.1,31.4,40.5,20.8,7.2,3.9,14.8,19.5,92.9
2016,Toronto Raptors*,36.5,82.1,0.444,8.7,23.4,0.373,27.7,58.7,0.473,16.5,22.1,0.748,9.5,31.2,40.8,21.7,6.5,5.4,13.3,22,98.2
2016,Cleveland Cavaliers*,36.8,82.1,0.448,7.9,22.7,0.347,28.9,59.4,0.487,16.8,22.6,0.743,9.3,31.8,41,21.4,7.2,4.4,13.3,20.6,98.3
2016,Miami Heat*,37.2,84.3,0.442,7.4,21.2,0.347,29.9,63.1,0.474,16.5,21.5,0.77,9.8,31.5,41.3,20.2,7.5,4.1,12.9,19.6,98.4
2016,Atlanta Hawks*,37.1,86.1,0.432,8.3,24.5,0.338,28.9,61.6,0.469,16.7,22.1,0.755,11.5,35,46.5,22,8.6,5,16.1,18.3,99.2
2016,Los Angeles Clippers*,36.8,84.7,0.434,7.9,23.3,0.338,28.9,61.4,0.471,18.8,25.1,0.751,11.8,34.9,46.7,21.2,7.1,3.2,15.4,22.5,100.2
2016,Indiana Pacers*,37.4,84.9,0.44,8.3,24.8,0.334,29.1,60.1,0.484,17.4,23.2,0.751,10.7,33.8,44.5,20.8,7.7,4.5,15.8,20.4,100.5
2016,Charlotte Hornets*,37.8,85,0.444,8.9,25.4,0.349,28.9,59.6,0.485,16.3,21.2,0.769,8.9,35.8,44.7,23.2,6.7,5.5,13.5,20.4,100.7
2016,Memphis Grizzlies*,35.9,78.8,0.456,9.7,26.6,0.365,26.2,52.1,0.503,19.7,25.7,0.768,10.1,33.1,43.2,21.9,7,5.7,16.2,21.1,101.3
2016,Detroit Pistons*,38.8,84.2,0.461,7.3,20.5,0.355,31.5,63.7,0.495,16.5,21,0.783,8.8,33.7,42.5,21.5,7.1,4.5,13.4,21.6,101.4
2016,Boston Celtics*,37.5,85,0.441,7.8,23.3,0.336,29.7,61.7,0.481,19.7,26,0.755,11.4,34.6,46,20.9,7.6,5.5,16.4,21,102.5
2016,Dallas Mavericks*,38.3,85,0.451,9.1,26.5,0.342,29.3,58.5,0.5,16.9,22.8,0.738,10.6,35.2,45.8,22,7.5,4.4,13.9,21.4,102.6
2016,Oklahoma City Thunder*,38.4,87.7,0.438,8.1,23.8,0.342,30.3,63.9,0.474,18,23.8,0.756,11.3,28.9,40.2,21.5,8.8,4.5,13,20.2,102.9
2016,Golden State Warriors*,38.9,89.4,0.435,7.8,23.5,0.332,31.1,65.9,0.472,18.6,24.5,0.757,11.4,32.5,43.9,22.2,8.7,4.1,14.5,19.8,104.1
2016,Portland Trail Blazers*,38.4,84.7,0.453,8.5,23,0.371,29.8,61.7,0.484,19,26,0.734,10.6,33.1,43.7,21.6,7.7,5.2,13.3,19.5,104.3
2016,Houston Rockets*,39,85.1,0.459,9.7,26.9,0.361,29.3,58.2,0.504,18.6,24.6,0.756,11.8,32.8,44.6,24.6,9,4.9,16.6,22.5,106.4
2019,Indiana Pacers*,38.7,86.1,0.45,11.4,32.1,0.354,27.4,54,0.507,15.8,21,0.756,10.5,33.1,43.7,24.5,7.4,5.2,15.7,20,104.7
2019,Utah Jazz*,40,88.5,0.452,9.8,27.7,0.355,30.1,60.7,0.496,16.7,22.2,0.753,8.9,33.7,42.6,21.6,8.5,4.6,13.9,22.4,106.5
2019,Orlando Magic*,39.9,87.6,0.456,10.5,30.2,0.347,29.5,57.4,0.513,16.3,20.9,0.778,9,35.6,44.6,23.1,7,4.4,13,18.7,106.6
2019,Denver Nuggets*,39.6,86.4,0.458,10.8,31.9,0.339,28.8,54.5,0.528,16.7,22.2,0.753,9.7,32.7,42.5,24.6,7.4,5,13.5,20.4,106.7
2019,Detroit Pistons*,39.9,85,0.469,9.6,27.8,0.345,30.3,57.2,0.53,17.9,23.7,0.755,9.1,34.6,43.7,23.7,6.9,5.1,14.1,21.3,107.3
2019,Boston Celtics*,39.5,88.1,0.448,11.5,33.5,0.344,28,54.6,0.513,17.4,22.8,0.764,10.4,35.5,45.9,23.7,6.8,3.9,14.6,19.5,108
2019,Toronto Raptors*,40.3,89.7,0.449,10.8,31.2,0.345,29.5,58.5,0.505,17.1,22.3,0.765,10.6,34.2,44.8,24.5,7.6,4.5,14.9,20.5,108.4
2019,Houston Rockets*,40.4,86.7,0.466,10.1,29.8,0.34,30.3,56.9,0.532,18.2,23.7,0.768,11,34.5,45.4,23.5,7.4,4.5,15,20,109.1
2019,Milwaukee Bucks*,40.5,93.5,0.433,13.1,36.3,0.361,27.4,57.2,0.479,15.1,20.7,0.733,9.9,35.4,45.3,24.8,6.8,4.8,13.4,20.2,109.3
2019,San Antonio Spurs*,41.5,89.7,0.463,11.7,32.7,0.359,29.8,57,0.522,15.2,20.2,0.755,9.2,34.7,43.9,24.7,7.2,4,12.2,19.6,110
2019,Portland Trail Blazers*,41.1,90,0.457,10.7,29.8,0.359,30.4,60.3,0.505,17.5,22.8,0.77,10.3,32.6,42.8,23.2,7.4,5.1,12.4,20.7,110.5
2019,Oklahoma City Thunder*,40.8,88.7,0.46,11.2,31.6,0.356,29.5,57.1,0.517,18.3,24,0.761,9.9,35.8,45.7,24.9,8.2,5.1,16.7,22.5,111.1
2019,Golden State Warriors*,40.4,91.1,0.444,11.6,33.6,0.347,28.8,57.5,0.5,18.7,24.2,0.773,10.8,33.5,44.3,24.3,7.7,3.6,13.5,19.5,111.2
2019,Brooklyn Nets*,42.2,92.5,0.456,10.3,30.3,0.341,31.9,62.1,0.513,17.6,22.8,0.77,11,35.2,46.2,23.7,7.8,5.3,13.5,22,112.3
2019,Philadelphia 76ers*,41.7,91.5,0.455,10.3,30,0.342,31.4,61.5,0.511,18.8,24.5,0.768,10,33.5,43.5,23.4,7.7,4.1,12.7,22.1,112.5
2019,Los Angeles Clippers*,41.7,91.3,0.457,10.4,30.2,0.343,31.4,61.1,0.513,20.5,26.3,0.777,11.3,34.5,45.7,24.1,8.3,6.1,13.2,24,114.3
2020,Toronto Raptors*,37.8,88.3,0.428,13.1,38.9,0.337,24.7,49.5,0.499,17.8,23.2,0.769,10.9,35.1,46.1,25.6,7.2,5.5,16.8,20.4,106.5
2020,Boston Celtics*,38.4,87.1,0.441,11.8,34.8,0.34,26.6,52.3,0.508,18.8,24.5,0.767,10.3,34,44.3,22.4,7.1,5.5,15.2,20.7,107.3
2020,Indiana Pacers*,39.5,88.5,0.446,11.5,33.6,0.341,28,54.8,0.511,17,21.6,0.788,10.4,34.9,45.2,23.1,6.9,4.6,14.7,18.8,107.5
2020,Los Angeles Lakers*,39.1,87.1,0.448,11.6,33.4,0.349,27.4,53.7,0.51,17.9,22.9,0.781,9.4,32.9,42.3,23.4,8.2,3.7,15.9,21.7,107.6
2020,Orlando Magic*,40.4,86.9,0.465,12.2,33.6,0.364,28.2,53.3,0.529,15.3,19.8,0.771,9,35.8,44.9,24.7,7,4.6,14.6,19.5,108.3
2020,Philadelphia 76ers*,39.8,86,0.463,10.4,29.4,0.353,29.4,56.5,0.52,18.4,24.5,0.751,8.6,33.2,41.8,22.8,7,4,13.8,20.5,108.4
2020,Oklahoma City Thunder*,40.8,89.6,0.455,11.3,33.3,0.34,29.5,56.4,0.523,15.5,19.6,0.795,10.5,34.3,44.8,23,7,4,14.2,22.8,108.4
2020,Milwaukee Bucks*,38.9,94,0.414,14,39.3,0.355,25,54.7,0.457,16.7,21.2,0.787,9.5,36.3,45.8,24.2,7.4,4.5,14.1,21.7,108.6
2020,Utah Jazz*,40.7,89.1,0.457,11,31,0.353,29.7,58.1,0.512,16.5,21.5,0.767,9.6,33.1,42.7,21.5,7.9,4.6,12.3,20.8,108.8
2020,Miami Heat*,38.8,86.7,0.448,13.1,37.7,0.347,25.7,48.9,0.525,18.4,23.6,0.783,9.2,33.3,42.5,24.6,7.5,4.1,14,21.7,109.1
2020,Denver Nuggets*,40,86.5,0.463,12.1,33.9,0.358,27.9,52.6,0.53,17.1,22.5,0.759,10.1,32.6,42.6,25.4,7.2,4.4,14.3,20.5,109.2
2020,Los Angeles Clippers*,39.5,90.2,0.438,12.3,35.6,0.345,27.2,54.6,0.499,18.5,24.5,0.756,10.7,34.6,45.3,23.7,7.5,4.7,14.1,22.9,109.9
2020,Dallas Mavericks*,41.9,91.6,0.458,12.3,34.9,0.351,29.7,56.7,0.523,16,21,0.76,10.4,35,45.4,23.9,7,4.1,11.9,21.3,112.1
2020,Brooklyn Nets*,41.4,92.9,0.446,12.2,34.8,0.35,29.2,58.1,0.503,17.4,22.6,0.769,10.6,35.3,45.9,22.6,7.7,5.3,12.8,21.1,112.3
2020,Houston Rockets*,42.3,91.5,0.462,12.2,35,0.349,30.1,56.5,0.532,18,23.7,0.761,11.2,36.7,47.9,25.3,8,4.9,16.2,21,114.8
2020,Portland Trail Blazers*,41.8,91.6,0.456,13.6,35.4,0.383,28.2,56.2,0.501,19.1,24.7,0.771,11.5,35.4,46.9,24.9,6.8,4.9,12.9,20.1,116.1
2021,New York Knicks*,37.9,86.2,0.44,12,35.6,0.337,25.9,50.6,0.512,16.9,22.2,0.761,9.7,34.4,44.1,23.6,6.6,5.4,12.8,17.9,104.7
2021,Los Angeles Lakers*,39.8,86.4,0.46,11.4,32.2,0.352,28.4,54.2,0.524,15.9,20.5,0.776,8.8,33.2,42,24.7,8.2,4.5,15.2,21.3,106.8
2021,Utah Jazz*,40.9,91.4,0.447,10.9,31.8,0.341,30,59.6,0.504,14.5,18.9,0.768,9.8,32.8,42.6,22.3,7.7,3.9,11.5,19,107.2
2021,Los Angeles Clippers*,40.1,86.4,0.464,11.6,32.5,0.356,28.5,53.9,0.529,16.1,20.7,0.777,9.2,32,41.2,22.9,7.1,4.2,12.8,18.1,107.8
2021,Miami Heat*,39.1,85.2,0.459,14.3,39.1,0.365,24.8,46.2,0.538,15.6,19.9,0.782,9.5,33.4,42.9,25.8,7.5,4,15.1,19.6,108
2021,Philadelphia 76ers*,39.4,86.9,0.453,11.9,33,0.36,27.5,53.9,0.51,17.4,22.8,0.764,9.8,33.2,42.9,23.5,7.2,4.7,15.6,21,108.1
2021,Phoenix Suns*,40.5,86.8,0.467,11.6,32.8,0.354,28.9,54,0.535,16.8,21.7,0.778,9.4,33.3,42.7,22.9,6.9,3.6,13.6,18,109.5
2021,Denver Nuggets*,40,85.4,0.469,13,35.7,0.363,27.1,49.7,0.545,17.1,22.1,0.773,9.1,32.1,41.2,25.9,7.5,4.5,14.1,19.2,110.1
2021,Dallas Mavericks*,40.1,87.1,0.46,12.8,35.2,0.365,27.2,51.8,0.525,17.2,22.5,0.764,9.8,34.2,43.9,22.7,7.3,3.7,12.6,20.1,110.2
2021,Boston Celtics*,39.9,86,0.464,12.8,34.3,0.374,27.1,51.6,0.524,18.5,23.5,0.785,9.4,33.1,42.5,24.1,7.4,4.6,14.1,19.3,111.2
2021,Atlanta Hawks*,41.3,89.1,0.463,11.9,34.2,0.349,29.3,55,0.534,16.9,21.1,0.803,10,32.7,42.7,24.4,7.7,5,12.3,19.8,111.4
2021,Memphis Grizzlies*,41,88.7,0.462,12.9,35.1,0.367,28.2,53.6,0.525,17.4,22.1,0.788,9.8,34.9,44.7,25.4,7.7,5.2,14.8,18.3,112.3
2021,Brooklyn Nets*,41.9,91.3,0.459,13.2,36.2,0.365,28.7,55.1,0.521,17.1,22,0.775,10.5,32.6,43.1,24,7.6,4.6,12.6,18.9,114.1
2021,Milwaukee Bucks*,42.4,92.9,0.456,14.8,38.6,0.384,27.6,54.3,0.507,14.6,18.8,0.78,9.6,33.8,43.4,25.1,7,4.8,13.2,18.3,114.2
2021,Portland Trail Blazers*,41.8,88.3,0.473,12.9,34.6,0.372,28.9,53.6,0.538,17.9,22.8,0.787,9.9,35.5,45.4,24.9,6.1,4.6,12.4,19.1,114.3
2021,Washington Wizards*,43.1,91.6,0.471,12.4,33.7,0.369,30.7,57.9,0.529,19.8,25.4,0.781,10.3,35.8,46.1,24.5,8.2,4.8,14.7,22,118.5
2023,Cleveland Cavaliers*,39,83.5,0.468,11.3,30.6,0.368,27.8,52.9,0.525,17.5,22.4,0.782,9.8,31.5,41.2,23,7,4.4,15.7,20.4,106.9
2023,Miami Heat*,40.1,83.2,0.482,13.1,35.8,0.367,27,47.4,0.569,16.5,21.1,0.781,8.9,33,41.8,25.6,7,3.8,15.7,20,109.8
2023,Philadelphia 76ers*,40.4,85.4,0.473,11.6,33.4,0.348,28.8,52.1,0.553,18.5,23.7,0.781,9.5,31.6,41.2,24.2,6.6,4.6,14.3,19.6,110.9
2023,Boston Celtics*,41.8,90.2,0.463,11.6,33.7,0.345,30.1,56.5,0.534,16.2,21.1,0.769,9.7,34.3,44,23.1,6.6,3.9,12.7,19.1,111.4
2023,Phoenix Suns*,40,85.9,0.466,11.4,32,0.357,28.6,53.9,0.53,20.1,25.6,0.786,10.2,32.6,42.9,23.4,7.2,4,14.4,19.9,111.6
2023,Denver Nuggets*,41.7,87.4,0.478,11.4,33.1,0.344,30.4,54.3,0.559,17.6,22.7,0.775,10.1,30.7,40.8,25.7,7.9,4.2,13.5,19.5,112.5
2023,Brooklyn Nets*,41,88.5,0.463,11.8,32.2,0.367,29.2,56.3,0.518,18.7,24.4,0.767,11.5,33.6,45.1,23.4,7,3.9,13.7,18.5,112.5
2023,Memphis Grizzlies*,40.7,89.8,0.453,13,36.6,0.355,27.7,53.3,0.521,18.5,23.5,0.787,11,33.4,44.4,26.4,6.8,5.2,15.1,20,113
2023,New York Knicks*,40.8,88.2,0.462,13,36.5,0.357,27.7,51.7,0.537,18.5,23.7,0.782,10.1,31.9,42,25.1,6,4.5,12.7,20.7,113.1
2023,Los Angeles Clippers*,41.8,88.3,0.474,12.2,33.4,0.365,29.6,54.9,0.539,17.2,22.3,0.771,10.2,32.9,43.1,25,7.8,4.2,13,19.6,113.1
2023,Milwaukee Bucks*,42.5,93.2,0.456,12.1,34.1,0.354,30.4,59.1,0.514,16.3,21,0.776,10.7,33.5,44.2,23.9,7,3.9,11.8,19,113.3
2023,Minnesota Timberwolves*,41.8,88.7,0.471,12.3,33.3,0.369,29.5,55.5,0.532,19.9,26,0.766,11.3,33.3,44.7,25,8.2,4.1,15.4,20.2,115.8
2023,Los Angeles Lakers*,44,93.9,0.469,12.5,36.5,0.344,31.5,57.4,0.548,16.1,20.8,0.773,11.1,33.8,44.9,25.7,7.6,5.1,12.6,21.5,116.6
2023,Golden State Warriors*,42.4,90.5,0.469,12.9,35.5,0.364,29.5,55,0.536,19.4,25.2,0.769,10.7,32.6,43.3,25.7,7.9,4,14.3,18.4,117.1
2023,Sacramento Kings*,43.8,88.9,0.492,12.5,33.4,0.373,31.3,55.5,0.564,18.1,23,0.787,9.7,32.5,42.2,26.7,7.3,4.2,14.2,20.9,118.1
2023,Atlanta Hawks*,43.8,90.2,0.486,11.9,33.5,0.356,31.9,56.7,0.562,18.6,23.2,0.803,10.6,33.5,44.1,26,7.5,5,14.2,19.7,118.1
