Season,Team,FG,FGA,FG%,3P,3PA,3P%,2P,2PA,2P%,FT,FTA,FT%,ORB,DRB,TRB,AST,STL,BLK,TOV,PF,PTS
1991,Golden State Warriors*,43.5,89.6,0.485,3.3,9.8,0.337,40.2,79.8,0.504,26.4,33.7,0.783,13.6,28.1,41.7,23.8,9.8,4.6,16.6,26.9,116.6
1991,Portland Trail Blazers*,43.6,89.9,0.485,4.2,11,0.377,39.5,78.8,0.501,23.3,31,0.753,14.7,31.2,45.9,27.5,8.8,5,16,24.1,114.7
1991,Phoenix Suns*,43.6,87.8,0.496,1.7,5.3,0.319,41.9,82.5,0.508,25.2,32.7,0.77,13.8,31.7,45.5,26.9,8.4,6.5,15.9,22.6,114
1991,Indiana Pacers*,42.1,85.3,0.493,3,9.1,0.332,39,76.2,0.513,24.5,30.2,0.811,12.4,29,41.4,26.6,8,4.4,16.5,25.5,111.7
1991,Boston Celtics*,45.1,88,0.512,1.3,4.2,0.315,43.7,83.8,0.522,20.1,24.4,0.824,13.3,32.9,46.2,26.3,8.2,6.9,16.1,20.7,111.5
1991,Chicago Bulls*,44.3,86.9,0.51,1.9,5.2,0.366,42.4,81.7,0.519,19.6,25.7,0.76,14,28.6,42.6,27,10,5.3,14.4,21.4,110
1991,Atlanta Hawks*,40.8,88.1,0.464,3.3,10.2,0.324,37.5,77.9,0.482,24.8,31,0.8,15.1,29.5,44.6,22.7,8.9,4.6,15,21.6,109.8
1991,San Antonio Spurs*,41.6,85.2,0.488,1,3.6,0.273,40.6,81.6,0.497,23,30,0.766,13.8,32.4,46.2,26.1,8.2,7,17.6,23.1,107.1
1991,Houston Rockets*,41.5,88.9,0.467,3.9,12.1,0.32,37.6,76.8,0.49,19.9,26.8,0.741,15.5,30.6,46.1,23.2,9.7,5,17.1,22.9,106.7
1991,Seattle SuperSonics*,42.7,86.8,0.492,1.7,5.2,0.319,41,81.6,0.503,19.6,26.1,0.75,14.9,26.5,41.4,24.9,10.5,4.6,17.1,24.1,106.6
1991,Milwaukee Bucks*,40.7,84.7,0.48,3.1,9.2,0.341,37.6,75.5,0.497,21.9,27.3,0.801,13.2,26.4,39.5,25.3,10.9,4,16.1,24.8,106.4
1991,Los Angeles Lakers*,40.8,84.3,0.484,2.8,9.1,0.304,38,75.2,0.505,22,27.6,0.798,13.1,29.8,42.9,25.5,7.8,4.7,14.7,18.6,106.3
1991,Philadelphia 76ers*,40.1,84.5,0.475,2.4,7.5,0.316,37.7,76.9,0.491,22.8,28.9,0.79,12,30.4,42.4,22.2,8.3,5.8,15,19.9,105.4
1991,Utah Jazz*,39.2,79.7,0.492,1.8,5.6,0.323,37.4,74.1,0.504,23.8,30.1,0.789,10.6,30.2,40.7,27,8,5.5,15.9,21.9,104
1991,New York Knicks*,40.3,83.2,0.485,2.3,6.8,0.332,38.1,76.4,0.499,20.2,26.2,0.77,12.8,29.7,42.5,26.5,7.8,5.1,16.8,21.5,103.1
1991,Detroit Pistons*,39,83.8,0.465,1.6,5.4,0.298,37.4,78.5,0.476,20.6,27,0.763,14.7,29.9,44.6,22.3,5.9,4.5,14.4,22.8,100.1
1993,Phoenix Suns*,42.6,86.5,0.493,4.9,13.4,0.363,37.8,73.1,0.516,23.3,31,0.753,13.9,30.6,44.5,25.5,9.2,5.5,16.6,21.2,113.4
1993,Charlotte Hornets*,42.8,87.9,0.487,2.1,6.5,0.326,40.7,81.4,0.5,22.3,29,0.771,13.4,30.6,43.9,26.4,7.8,5.8,16.2,21.8,110.1
1993,Portland Trail Blazers*,41,89.5,0.458,3.4,10.3,0.326,37.6,79.3,0.475,23.2,31.1,0.745,15,30.6,45.5,24,9.4,5.2,14.8,23.1,108.5
1993,Seattle SuperSonics*,42.4,87.1,0.486,2.7,7.4,0.357,39.7,79.6,0.498,21,27.5,0.761,14.9,27.5,42.4,23.2,11.5,5,15.5,24,108.3
1993,Indiana Pacers*,41.1,85.6,0.48,3.1,9.6,0.326,38,76,0.5,22.4,29.3,0.766,14.9,29.9,44.8,26.1,7.5,4.9,15.3,24.9,107.8
1993,Cleveland Cavaliers*,41.8,84,0.497,3.5,9,0.381,38.3,74.9,0.511,20.7,25.8,0.802,11.3,30.4,41.8,28.6,7.5,6.5,13.7,19.3,107.7
1993,Atlanta Hawks*,41.4,88.7,0.466,4.7,13.1,0.355,36.7,75.6,0.486,20.1,27.1,0.742,15.7,28.6,44.3,25.4,9.8,3.4,16.3,22,107.5
1993,Los Angeles Clippers*,43.2,89.4,0.484,1.6,6,0.271,41.6,83.4,0.499,19,26.5,0.718,14.4,28.8,43.2,27.3,10.3,6,16.3,23.4,107.1
1993,Utah Jazz*,40.7,83.3,0.489,1.6,5,0.314,39.1,78.2,0.5,23.3,30.4,0.766,12.7,30,42.7,26.5,9.1,4.2,15.5,24,106.2
1993,San Antonio Spurs*,40.4,82.5,0.49,2.9,8.4,0.341,37.5,74,0.507,21.9,28.6,0.765,11.2,31,42.2,24.5,7.1,6.3,15,22.5,105.5
1993,Chicago Bulls*,42.4,87.9,0.482,3,8.2,0.365,39.4,79.7,0.494,17.5,23.8,0.733,15.7,27.8,43.6,26,9.5,5,13.5,22,105.2
1993,Los Angeles Lakers*,40.4,85.3,0.473,2.3,7.6,0.299,38.1,77.7,0.49,21.2,28.1,0.756,13.5,27.9,41.4,24.5,9.5,5.3,15.4,21.7,104.2
1993,Houston Rockets*,40,82.2,0.486,4.7,13.1,0.361,35.3,69.2,0.51,19.3,25.5,0.758,12,30.9,42.9,25.8,8.3,6.6,15.8,20.7,104
1993,Boston Celtics*,42.1,86.5,0.487,1.3,4.7,0.287,40.8,81.8,0.498,18.1,23.3,0.777,13.1,29.7,42.8,24.4,7.9,5.6,14.3,22.7,103.7
1993,New Jersey Nets*,39.9,86.4,0.462,1.9,6,0.318,38,80.4,0.473,21.1,27.5,0.767,15.7,30.6,46.3,22.8,8.5,6.4,16.5,23.1,102.8
1993,New York Knicks*,39.1,84.1,0.465,2.4,7.4,0.32,36.8,76.8,0.479,20.9,28.2,0.741,14,32.4,46.5,25.9,8.3,4.5,15.8,25.7,101.6
1995,Orlando Magic*,42.2,84.1,0.502,6.4,17.2,0.37,35.8,66.9,0.535,20.1,30.1,0.669,14,30,44,27.8,8.2,6,15.8,21,110.9
1995,Phoenix Suns*,40.9,85,0.482,7.1,19.3,0.369,33.8,65.6,0.515,21.7,28.7,0.756,12.5,29.3,41.8,26.8,8.4,3.8,14.2,22.4,110.6
1995,Seattle SuperSonics*,40.4,82.2,0.491,6,15.9,0.376,34.4,66.3,0.519,23.7,31.3,0.758,13,28.5,41.5,25.8,11.2,4.8,15.8,25.2,110.4
1995,San Antonio Spurs*,39.5,81.5,0.484,5.3,14.1,0.375,34.2,67.4,0.507,22.4,30.3,0.738,12.5,32.5,45,23.4,8,5.6,15.2,22.8,106.6
1995,Utah Jazz*,39.5,77.3,0.512,3.7,9.8,0.376,35.9,67.5,0.531,23.6,30.3,0.781,10.7,29.4,40.1,27.5,9.2,4.8,15.7,24.9,106.4
1995,Los Angeles Lakers*,40,86.4,0.463,6.4,18.2,0.352,33.6,68.2,0.493,18.6,25.3,0.735,13.7,28.2,42,25.3,9.1,6.9,15.2,23.6,105.1
1995,Houston Rockets*,38.5,80.2,0.48,7.9,21.4,0.368,30.6,58.8,0.521,18.6,24.9,0.749,10.7,29.8,40.5,25.1,8.8,6.3,16.1,20.9,103.5
1995,Portland Trail Blazers*,39.2,87,0.451,5.6,15.4,0.365,33.6,71.6,0.469,19,27.2,0.697,16.5,29.8,46.3,22.5,8.1,5.7,14.8,24.7,103.1
1995,Boston Celtics*,38.8,83.5,0.464,4.4,12,0.368,34.4,71.5,0.48,20.8,27.7,0.753,14.1,28.3,42.4,21.7,7.5,4.4,15.9,24.1,102.8
1995,Chicago Bulls*,38.9,81.8,0.476,5.4,14.5,0.373,33.5,67.4,0.498,18.3,25.2,0.726,13.5,28,41.5,24,9.7,4.3,15.8,23.9,101.5
1995,Denver Nuggets*,37.8,78.8,0.479,5,14.1,0.356,32.7,64.6,0.507,20.7,28.1,0.738,12.7,29.3,42,22.4,8,7.1,16.8,25.2,101.3
1995,Charlotte Hornets*,37.2,78.5,0.474,6.8,17.2,0.397,30.4,61.3,0.495,19.4,24.9,0.777,10.1,29.2,39.4,25.3,7.6,4.9,14.9,20.5,100.6
1995,Indiana Pacers*,36.4,76.2,0.477,4.6,12,0.38,31.8,64.2,0.496,21.9,29.1,0.751,12.8,27.9,40.7,22.9,8.6,4.4,16.3,23.6,99.2
1995,New York Knicks*,36.4,78,0.467,6.5,17.6,0.368,29.9,60.3,0.496,18.9,25.8,0.734,11.3,30.2,41.5,25.1,7.2,4.7,15.9,25.6,98.2
1995,Atlanta Hawks*,36.4,81.5,0.447,6.6,19.3,0.341,29.8,62.2,0.48,17.2,23.8,0.724,13.5,27.7,41.2,21.4,9,5,14.9,22,96.6
1995,Cleveland Cavaliers*,33.6,76.3,0.441,4.9,12.6,0.385,28.8,63.7,0.452,18.4,24.2,0.76,12.7,27.3,40,20.4,7.7,4.3,14.3,20.7,90.5
1996,Chicago Bulls*,40.2,84,0.478,6.6,16.5,0.403,33.5,67.6,0.496,18.2,24.4,0.746,15.2,29.4,44.6,24.8,9.1,4.2,14.3,22,105.2
1996,Seattle SuperSonics*,37.5,78.1,0.48,7.1,19.5,0.364,30.4,58.6,0.519,22.5,29.6,0.76,11.6,29.9,41.5,24.4,10.8,4.8,17.6,24,104.5
1996,Orlando Magic*,39.1,81,0.482,7.6,20.1,0.378,31.5,60.9,0.517,18.8,27.2,0.691,11.8,29.3,41.1,25.4,8.1,5,14.1,20.8,104.5
1996,Phoenix Suns*,38.5,81.4,0.473,4,12,0.332,34.5,69.4,0.498,23.3,30.1,0.771,12.3,30.5,42.8,24.4,7.6,4,14.7,21.7,104.3
1996,San Antonio Spurs*,38.4,80.5,0.477,6.3,16.1,0.392,32.1,64.4,0.498,20.3,27.6,0.736,11.4,31.5,43,24.9,7.9,6.5,14.6,22.2,103.4
1996,Los Angeles Lakers*,39.2,81.8,0.48,5.8,16.6,0.351,33.4,65.2,0.512,18.6,25,0.746,12.1,28.1,40.2,25.4,8.8,6.3,14.2,20.8,102.9
1996,Utah Jazz*,38.2,78.3,0.488,4.6,12.4,0.372,33.6,65.9,0.509,21.6,28.1,0.768,12.1,28.9,41,26.1,8.1,5.1,14.8,25,102.5
1996,Houston Rockets*,37.5,81,0.464,7.8,21.5,0.362,29.8,59.5,0.501,19.6,25.7,0.765,11.2,29.9,41.1,24.2,7.9,5.8,15.2,21.4,102.5
1996,Sacramento Kings*,36.2,79.2,0.457,5.6,14.6,0.387,30.6,64.6,0.473,21.5,29.4,0.731,13.6,28.6,42.2,22.3,7.8,5.3,17.6,26,99.5
1996,Indiana Pacers*,36.3,75.7,0.48,4.4,11.9,0.373,31.9,63.8,0.5,22.2,29.5,0.755,12.3,27.6,39.9,23.4,7.1,3.9,16.3,24.8,99.3
1996,Portland Trail Blazers*,37.4,81.6,0.458,5.9,16.6,0.353,31.5,65,0.485,18.7,28.3,0.662,14.1,31.4,45.6,21.5,7.2,5.1,16.8,22.7,99.3
1996,Atlanta Hawks*,36.4,81.3,0.448,6.9,19.5,0.355,29.5,61.8,0.477,18.6,24.5,0.757,14.4,26.2,40.6,19.6,9.4,3.9,15,20.9,98.3
1996,New York Knicks*,36.6,77.8,0.471,5.9,15.7,0.377,30.7,62.2,0.494,18,23.8,0.757,10.1,29.9,40,22.2,7.9,4.6,15.5,22.7,97.2
1996,Miami Heat*,35.4,77.4,0.457,6.7,17.8,0.379,28.7,59.6,0.481,18.9,26.7,0.71,12.2,30.4,42.6,21.4,7,5.4,17,26.3,96.5
1996,Detroit Pistons*,34.3,74.7,0.459,6.6,16.5,0.404,27.6,58.2,0.475,20.2,26.9,0.751,10.8,29.8,40.5,19.6,6.2,4.3,14.8,23.8,95.4
1996,Cleveland Cavaliers*,33.7,73.1,0.46,7.3,19.3,0.377,26.4,53.9,0.49,16.5,21.6,0.763,10.6,25.1,35.6,22.2,8.2,4.1,13.1,20.5,91.1
1998,Los Angeles Lakers*,38.4,79.7,0.481,6.1,17.3,0.351,32.3,62.5,0.517,22.7,33.5,0.679,13.2,30.1,43.3,24.5,9,6.8,15.3,22.7,105.5
1998,Minnesota Timberwolves*,38.5,83.5,0.461,3.7,10.6,0.347,34.8,72.8,0.478,20.4,27.5,0.743,13,29.6,42.6,25.2,7.8,5.2,13.9,23,101.1
1998,Utah Jazz*,36.5,74.5,0.49,3,8.2,0.372,33.5,66.4,0.504,24.9,32.2,0.773,11.7,29.3,41.1,25.2,7.9,5,15.4,23.9,101
1998,Seattle SuperSonics*,37.2,78.8,0.473,7.6,19.1,0.396,29.6,59.6,0.497,18.5,25.7,0.721,11.4,27.1,38.5,24.2,9.8,4.6,14,22.1,100.6
1998,Phoenix Suns*,38.3,81.8,0.468,5.3,14.8,0.356,33,67.1,0.492,17.8,23.8,0.749,12.1,29.9,42,25.9,9.2,5.2,15.1,21.5,99.6
1998,New Jersey Nets*,37.3,84.5,0.441,3.8,11.4,0.331,33.5,73.1,0.458,21.3,28.7,0.744,16.4,26.1,42.5,20.5,9.5,3.8,14.4,23.4,99.6
1998,Houston Rockets*,35.9,79.4,0.452,7,20.4,0.343,28.9,59.1,0.49,19.9,25.9,0.771,12,28.7,40.7,21.9,8.4,3.6,15.8,20.2,98.8
1998,Chicago Bulls*,37.4,82.9,0.451,3.8,11.7,0.323,33.6,71.2,0.471,18.2,24.5,0.743,15.2,29.7,44.9,23.8,8.5,4.3,14.4,20.6,96.7
1998,Charlotte Hornets*,36.2,77.4,0.468,4.2,11,0.383,32,66.3,0.482,20,26.7,0.751,12,28.5,40.6,23.7,8.4,3.8,15.2,21.4,96.6
1998,Indiana Pacers*,35.6,75.9,0.469,4.9,12.5,0.39,30.7,63.3,0.485,19.9,26,0.764,10.7,28.6,39.3,23,7.9,4.5,14.2,22.7,96
1998,Atlanta Hawks*,35.2,77.5,0.455,4.1,12.4,0.332,31.1,65.1,0.478,21.3,28.2,0.756,13.5,29.5,43,19.1,8,6,14.8,20.4,95.9
1998,Miami Heat*,34.8,77.2,0.45,6.7,18.8,0.355,28.1,58.3,0.481,18.8,25.4,0.739,12.5,29.5,42,21.4,8.1,5.2,15,24.2,95
1998,Portland Trail Blazers*,35.2,78,0.451,4,12.8,0.309,31.2,65.2,0.479,20,27.1,0.737,13.2,30.8,44,21.5,7.1,5.7,16.9,22.7,94.3
1998,San Antonio Spurs*,35.3,75.5,0.468,3.7,10.5,0.35,31.7,64.9,0.488,18.2,26.4,0.688,12,32.2,44.2,22.4,6.3,6.9,16.1,21.1,92.5
1998,Cleveland Cavaliers*,34.4,75.7,0.454,3.6,9.8,0.372,30.7,65.9,0.466,20.2,26.7,0.756,11.6,28.4,40.1,23.1,9.9,5.1,17.3,23.6,92.5
1998,New York Knicks*,34.9,78.2,0.447,4.7,13.9,0.335,30.3,64.3,0.471,17.1,22.1,0.772,11.9,29.7,41.6,21.8,7.7,3.4,15.2,23.7,91.6
2000,Sacramento Kings*,40,88.9,0.45,6.5,20.2,0.322,33.4,68.7,0.487,18.5,24.6,0.754,12.9,32.1,45,23.8,9.6,4.6,16.2,21.1,105
2000,Detroit Pistons*,37.1,80.9,0.459,5.4,14.9,0.359,31.8,66,0.481,23.9,30.6,0.781,11.2,30,41.2,20.8,8.1,3.3,15.7,24.5,103.5
2000,Indiana Pacers*,37.2,81,0.459,7.1,18.1,0.392,30,62.8,0.478,19.9,24.5,0.811,10.3,31.9,42.1,22.6,6.8,5.1,14.1,21.8,101.3
2000,Milwaukee Bucks*,38.7,83.3,0.465,4.8,13,0.369,33.9,70.2,0.483,19,24.2,0.786,12.4,28.9,41.3,22.6,8.2,4.6,15,24.6,101.2
2000,Los Angeles Lakers*,38.3,83.4,0.459,4.2,12.8,0.329,34.1,70.6,0.482,20.1,28.9,0.696,13.6,33.4,47,23.4,7.5,6.5,13.9,22.5,100.8
2000,Seattle SuperSonics*,37.9,84.7,0.447,6.7,19.6,0.339,31.2,65.1,0.48,16.6,23.9,0.695,12.7,30.3,43,22.9,8,4.2,14,21.7,99.1
2000,Phoenix Suns*,37.7,82.6,0.457,5.6,15.2,0.368,32.1,67.4,0.477,17.9,23.6,0.759,12.5,31.2,43.7,25.6,9.1,5.3,16.7,24.1,98.9
2000,Minnesota Timberwolves*,39.3,84.3,0.467,3,8.7,0.346,36.3,75.5,0.481,16.8,21.6,0.78,12.4,30.1,42.5,26.9,7.6,5.4,13.9,23.3,98.5
2000,Charlotte Hornets*,35.8,79.7,0.449,4.1,12.2,0.339,31.7,67.5,0.469,22.7,30,0.758,10.8,32.1,42.9,24.7,8.9,5.9,14.7,20.4,98.4
2000,Portland Trail Blazers*,36.8,78.4,0.47,5,13.8,0.361,31.9,64.7,0.493,18.8,24.7,0.76,11.8,31.2,43,23.5,7.7,4.8,15.2,22.7,97.5
2000,Toronto Raptors*,36.3,83.9,0.433,5.2,14.3,0.363,31.2,69.6,0.447,19.3,25.2,0.765,13.4,29.9,43.3,23.7,8.1,6.6,13.9,24.3,97.2
2000,Utah Jazz*,36.1,77.8,0.464,4,10.4,0.385,32.1,67.4,0.476,20.3,26.2,0.773,11.4,29.6,41,24.9,7.7,5.4,14.9,24.5,96.5
2000,San Antonio Spurs*,36,78,0.462,4,10.8,0.374,32,67.2,0.476,20.1,27,0.746,11.3,32.5,43.8,22.2,7.5,6.7,15,20.9,96.2
2000,Philadelphia 76ers*,36.5,82.6,0.442,2.5,7.8,0.323,34,74.8,0.454,19.2,27.1,0.708,14,30.1,44.1,22.2,9.6,4.7,15.7,23.6,94.8
2000,Miami Heat*,36.3,78.8,0.46,5.4,14.7,0.371,30.8,64.1,0.481,16.4,22.3,0.736,11.2,31.9,43.2,23.5,7.1,6.4,15,23.7,94.4
2000,New York Knicks*,35.3,77.7,0.455,4.3,11.4,0.375,31,66.3,0.468,17.2,22,0.781,9.8,30.7,40.5,19.4,6.3,4.3,14.6,24.2,92.1
2001,Sacramento Kings*,38.2,85,0.449,5.8,16.5,0.354,32.4,68.5,0.472,19.5,25.3,0.771,12,33,45,22.6,9.7,5.3,14.9,19.5,101.7
2001,Milwaukee Bucks*,38,82.9,0.458,6.9,18.1,0.379,31.1,64.8,0.48,18,22.9,0.787,11.9,30.5,42.4,22.5,8.2,4.7,13.7,23.5,100.7
2001,Los Angeles Lakers*,37.9,81.5,0.465,5.4,15.5,0.344,32.6,66,0.494,19.4,28.5,0.683,13.2,31.5,44.7,23,6.9,6,14.4,22.8,100.6
2001,Dallas Mavericks*,37.6,81.9,0.459,6.3,16.5,0.381,31.3,65.4,0.479,18.9,23.8,0.794,10.1,31.4,41.5,21.2,7.5,6,13.9,23.3,100.5
2001,Toronto Raptors*,37.2,85,0.437,5.2,14.2,0.369,31.9,70.8,0.451,18.1,24.2,0.747,13.6,30.8,44.5,24.4,7.3,6.3,13.2,21.3,97.6
2001,Orlando Magic*,36.7,83.8,0.438,6,16.4,0.364,30.8,67.4,0.456,18,25.2,0.714,13,29.9,42.9,22,8.2,5.9,15.2,25.3,97.5
2001,Minnesota Timberwolves*,38.4,83.8,0.458,3.9,11,0.357,34.5,72.8,0.473,16.6,21.2,0.785,12.2,30.1,42.3,25.4,8.3,5.6,13.9,23.2,97.3
2001,Utah Jazz*,36.1,76.7,0.471,4,10.4,0.381,32.1,66.3,0.485,20.9,27.8,0.752,11.5,29.1,40.6,25.7,8.1,5.6,15.8,25.7,97.1
2001,San Antonio Spurs*,35.2,76.4,0.461,5.4,13.3,0.407,29.7,63,0.472,20.4,28.5,0.715,11,33.1,44.1,21.7,6.9,7,14,18.9,96.2
2001,Portland Trail Blazers*,36.6,78.3,0.468,4.5,12.9,0.349,32.1,65.4,0.492,17.6,23.2,0.762,11.7,30.3,42,23.9,8.2,5.1,15.3,21.3,95.4
2001,Philadelphia 76ers*,35.4,79.1,0.447,3.2,9.8,0.326,32.2,69.3,0.464,20.7,27.8,0.745,13.1,31.7,44.8,20.6,8.4,5,15.8,20.4,94.7
2001,Phoenix Suns*,35.9,82.4,0.436,4,12.9,0.315,31.9,69.5,0.458,18.2,24.1,0.755,11.8,30.8,42.7,23.2,9.5,5.2,15.2,22.7,94
2001,Indiana Pacers*,34.5,78.4,0.44,4.8,14.1,0.342,29.7,64.3,0.461,18.8,24.5,0.766,11.2,31.6,42.9,21.5,6.9,5.9,15.2,23.5,92.6
2001,Charlotte Hornets*,34.1,79.3,0.431,4.1,12,0.346,30,67.3,0.446,19.5,26.2,0.745,12.6,31.8,44.4,23.2,8.1,5.5,14.4,21.4,91.9
2001,Miami Heat*,32.9,76.3,0.43,5.8,16.9,0.345,27,59.4,0.455,17.4,22.9,0.759,9.9,29.7,39.6,19.9,7.7,3.7,13.7,21,88.9
2001,New York Knicks*,33.6,75.6,0.444,4.8,13.6,0.351,28.8,62,0.465,16.8,21.1,0.796,9.4,30.8,40.2,18.5,6.6,4.2,14.5,22.7,88.7
2004,Dallas Mavericks*,40.5,88.2,0.459,6.2,17.8,0.348,34.3,70.4,0.488,18,22.6,0.796,14.3,31,45.3,23.9,8,5.3,12.2,19.6,105.2
2004,Sacramento Kings*,37.8,81.8,0.462,7.3,18.3,0.401,30.5,63.6,0.48,19.8,24.9,0.795,10.8,30.4,41.2,26.2,8.7,4,13.9,19.3,102.8
2004,Los Angeles Lakers*,36.9,81.4,0.454,4.5,13.6,0.327,32.5,67.8,0.479,19.9,28.7,0.693,12.2,30.9,43.1,23.8,8.3,4.6,13.8,21.1,98.2
2004,Milwaukee Bucks*,36.2,81.1,0.447,4.9,14,0.35,31.3,67.1,0.467,20.7,26.7,0.775,11.7,30.5,42.2,22.8,6.8,4.7,13.5,20.3,98
2004,Denver Nuggets*,36.5,82.5,0.443,4,12,0.336,32.5,70.5,0.461,20.2,26.3,0.767,13.2,29.1,42.3,21.9,9.1,6.3,15.6,22,97.2
2004,Memphis Grizzlies*,36.1,81.2,0.445,5.5,16,0.34,30.7,65.2,0.471,19,26.1,0.727,12.8,29,41.8,23.4,9.7,6.9,15,23.2,96.7
2004,Boston Celtics*,34.7,78.2,0.443,6.7,19.5,0.346,27.9,58.7,0.475,19.2,25.5,0.75,10.4,29.8,40.1,20.5,9.4,4,16.2,22.4,95.3
2004,Minnesota Timberwolves*,37,80.1,0.462,4,10.9,0.363,33,69.2,0.477,16.6,21.3,0.781,10.7,32.3,42.9,23,6.8,5.6,12.7,21.1,94.5
2004,New York Knicks*,35.1,79.4,0.442,5,13.6,0.364,30.2,65.8,0.459,16.8,21.1,0.793,11.6,31,42.6,20.7,7.4,4.8,15.7,23.1,92
2004,New Orleans Hornets*,33.8,80.5,0.42,6.5,20.3,0.319,27.3,60.2,0.454,17.7,23.6,0.751,13.3,29.5,42.8,20.9,8.6,4.2,15,20.9,91.8
2004,San Antonio Spurs*,34.7,78.5,0.442,5,13.9,0.358,29.7,64.6,0.46,17.2,25.2,0.681,12.5,32.5,45.1,20.4,8.1,6.5,14.7,20.3,91.5
2004,Indiana Pacers*,33.6,77.1,0.435,5.5,15.6,0.351,28.1,61.5,0.457,18.8,24.6,0.764,11.8,29.9,41.7,21.6,8.9,5,14.4,20.8,91.4
2004,New Jersey Nets*,34.3,77.7,0.441,4.6,13.7,0.336,29.7,64,0.464,17,22.6,0.753,10.5,30.2,40.7,24.5,8.6,3.9,14.7,21,90.3
2004,Miami Heat*,33.3,78.3,0.425,5.9,16.5,0.357,27.4,61.7,0.443,17.8,23.4,0.762,11.5,30,41.5,19.1,7.2,3.8,13.9,22.1,90.3
2004,Detroit Pistons*,33.5,77,0.435,4.1,11.8,0.344,29.4,65.2,0.452,19,25.3,0.753,12.4,30.4,42.8,20.8,8,7,15.1,20.3,90.1
2004,Houston Rockets*,33.4,75.5,0.442,6.3,17.1,0.366,27.1,58.4,0.464,16.7,21.6,0.773,10.3,32.3,42.6,19.3,6.8,5.4,16.7,21.5,89.8
2007,Phoenix Suns*,41.3,83.6,0.494,9.6,24,0.399,31.7,59.6,0.532,18,22.3,0.808,9,31.5,40.5,25.9,6.7,4.8,14.5,20.2,110.2
2007,Golden State Warriors*,39.8,86,0.463,8.5,24,0.356,31.2,62,0.504,18.5,25.8,0.717,11.5,30,41.4,23.8,9.1,5.7,16,23.6,106.5
2007,Denver Nuggets*,38.6,83,0.465,5.9,17.6,0.336,32.7,65.4,0.5,22.3,29.9,0.746,12.2,31.2,43.4,23.4,8.3,5.3,16.5,21.4,105.4
2007,Washington Wizards*,37.4,83.2,0.45,6.8,19.7,0.348,30.6,63.5,0.482,22.6,29.6,0.765,12.2,29,41.2,20.2,7.7,4.6,13.8,22.2,104.3
2007,Los Angeles Lakers*,37.8,81.3,0.466,7.4,21,0.353,30.4,60.2,0.505,20.2,27.1,0.747,10.8,30.4,41.2,22.6,7.3,5.1,15.5,23,103.3
2007,Utah Jazz*,37.4,78.9,0.474,4.3,12.9,0.335,33.1,66,0.501,22.3,30,0.743,12.6,30,42.5,24.7,7,4.1,15.6,25.2,101.5
2007,Dallas Mavericks*,36.7,78.6,0.467,6.5,17.1,0.381,30.2,61.4,0.491,20.1,24.9,0.805,11.2,30.7,41.9,19.9,6.8,5,13.9,22.4,100
2007,Toronto Raptors*,37,79.8,0.463,6.5,17.9,0.363,30.5,62,0.492,19,24.2,0.788,9.2,30.2,39.5,22.2,7.1,3.9,13.5,20.4,99.5
2007,Chicago Bulls*,37.1,81.3,0.457,5.9,15.1,0.388,31.3,66.2,0.473,18.6,25.4,0.734,12,31.7,43.7,22.3,7.8,5.4,16,23.3,98.8
2007,San Antonio Spurs*,36.6,77.2,0.474,7.3,19,0.381,29.3,58.1,0.504,18.1,24.1,0.751,9.3,31.4,40.7,22.1,7.2,5.1,13.9,19.4,98.5
2007,New Jersey Nets*,35.5,77.8,0.457,7.4,20.4,0.363,28.1,57.4,0.49,19.1,26.3,0.727,10,30.8,40.8,23.9,6.1,3.3,14.8,22.8,97.6
2007,Houston Rockets*,35.4,79.6,0.445,8.6,23.1,0.372,26.8,56.5,0.475,17.5,23.2,0.753,10.7,32.6,43.3,20.8,7.1,4.1,14.2,20.9,97
2007,Cleveland Cavaliers*,36.3,81.2,0.447,6,17.1,0.352,30.3,64.1,0.473,18.1,26,0.696,12.7,30.8,43.5,20.8,7.6,4.3,14.4,21.7,96.8
2007,Detroit Pistons*,35.9,79.1,0.454,5.5,15.9,0.344,30.4,63.2,0.481,18.8,24.2,0.774,11.6,29,40.5,21.6,7.1,5.8,12.2,20.4,96
2007,Orlando Magic*,35.1,74.3,0.472,4.2,11.7,0.356,30.9,62.5,0.494,20.5,29.2,0.702,11.2,29.5,40.7,18.6,6.9,5.1,17,23.2,94.8
2007,Miami Heat*,35.6,76.7,0.464,6.4,18.8,0.343,29.2,57.9,0.503,17,24.6,0.69,10,30.8,40.8,20.5,6.9,5.4,14.6,21.3,94.6
2008,Denver Nuggets*,40.3,85.8,0.47,6.9,19.6,0.355,33.4,66.3,0.504,23.1,30.7,0.751,11.2,32.9,44.1,24.7,9.2,6.7,14.7,21.1,110.7
2008,Phoenix Suns*,41.4,82.7,0.5,8.5,21.5,0.393,32.9,61.2,0.538,18.9,24.1,0.783,8.8,32.7,41.5,26.7,6.5,6.3,14.4,19.9,110.1
2008,Los Angeles Lakers*,39.6,83.1,0.476,8.1,21.4,0.378,31.5,61.8,0.51,21.3,27.7,0.769,11,33.2,44.1,24.4,8,5.3,14.1,20.6,108.6
2008,Utah Jazz*,40,80.4,0.497,5,13.4,0.372,35,67,0.522,21.3,28,0.759,11.5,29.4,40.9,26.4,8.7,4.3,14.6,24,106.2
2008,Orlando Magic*,37.3,78.6,0.474,9.8,25.3,0.386,27.5,53.3,0.516,20.1,27.9,0.721,9.4,32.6,42,20.8,6.3,4.1,14.3,20.6,104.5
2008,New Orleans Hornets*,38.6,82.9,0.466,7.7,19.8,0.389,30.9,63.1,0.49,16,20.8,0.769,11.4,30.4,41.8,21.8,7.8,3.9,11.9,18.7,100.9
2008,Boston Celtics*,36.4,76.7,0.475,7.3,19.1,0.381,29.1,57.6,0.506,20.5,26.5,0.771,10.1,31.9,42,22.4,8.5,4.6,15.2,22.7,100.5
2008,Dallas Mavericks*,36.9,79.5,0.464,6,17.1,0.352,30.9,62.3,0.495,20.6,25.3,0.814,10.8,32.2,43,21,6,4.9,12.6,21.8,100.4
2008,Toronto Raptors*,38.4,82,0.468,7,17.8,0.392,31.4,64.2,0.489,16.4,20.2,0.812,9.6,30.4,40.1,23.8,7,4.1,11.7,19.5,100.2
2008,Washington Wizards*,36.4,81.6,0.446,7,19.7,0.356,29.4,62,0.475,19,24.3,0.782,12.3,29.3,41.6,19.6,7.7,4.8,13.2,19.6,98.8
2008,Atlanta Hawks*,36.3,79.9,0.454,4.7,13.1,0.356,31.6,66.8,0.473,21,27.2,0.772,12.3,29.9,42.2,22,7.3,5.5,14.9,20.4,98.2
2008,Detroit Pistons*,36.6,79.9,0.458,5.9,16.2,0.366,30.6,63.7,0.481,18.4,24,0.767,11.9,29.5,41.4,22.3,7.1,5.8,11.7,20.6,97.5
2008,Houston Rockets*,36.6,81.7,0.448,7.1,20.8,0.342,29.5,60.9,0.485,16.4,22.5,0.726,12.2,32.4,44.6,21.4,7.3,5.1,13.7,19.6,96.7
2008,Philadelphia 76ers*,37.3,81.1,0.46,3.7,11.6,0.317,33.6,69.5,0.483,18.4,26.1,0.706,13,28.9,41.9,20.4,8.7,4.9,14.3,19.8,96.6
2008,Cleveland Cavaliers*,35.8,81.7,0.439,6.7,18.8,0.358,29.1,62.8,0.463,18,25.1,0.717,13.3,31.3,44.6,20,7.1,5.2,14,20.9,96.4
2008,San Antonio Spurs*,35.8,78.3,0.457,7.2,19.6,0.369,28.6,58.7,0.487,16.5,21.6,0.761,9.4,31.9,41.3,21,6.4,4.1,12.6,18.7,95.4
2010,Phoenix Suns*,40.7,82.8,0.492,8.9,21.6,0.412,31.8,61.2,0.52,19.9,25.8,0.77,11.1,31.9,43,23.3,5.8,5.1,14.8,20.9,110.2
2010,Denver Nuggets*,38.1,81.4,0.468,6.6,18.5,0.359,31.5,62.9,0.5,23.6,30.6,0.772,10.8,30.5,41.4,21,8.3,5.1,13.9,22.5,106.5
2010,Utah Jazz*,39.4,80.2,0.491,5.4,14.7,0.364,34,65.5,0.519,20.2,27.2,0.741,10.6,31.6,42.2,26.7,8.2,4.9,15.2,22.7,104.2
2010,Orlando Magic*,36.6,78,0.47,10.3,27.3,0.375,26.4,50.6,0.521,19.2,26.5,0.724,9.9,33.4,43.2,19.7,6.2,5.6,14.1,19.9,102.8
2010,Cleveland Cavaliers*,37.8,77.9,0.485,7.3,19.3,0.381,30.5,58.6,0.52,19.1,26.6,0.72,9.6,32.8,42.5,22.4,6.9,5.2,13.9,19.4,102.1
2010,Dallas Mavericks*,38.3,82.4,0.464,6.8,18.3,0.372,31.5,64.2,0.491,18.6,22.8,0.816,10.2,31.5,41.7,23.4,7.6,5.5,12.9,19.1,102
2010,Los Angeles Lakers*,38.3,83.8,0.457,6.5,19,0.341,31.9,64.8,0.492,18.5,24.2,0.765,11.9,32.5,44.3,21.1,7.5,4.9,13.4,19.4,101.7
2010,Atlanta Hawks*,38.8,82.9,0.468,6.4,17.7,0.36,32.4,65.2,0.497,17.7,23.3,0.759,11.8,29.9,41.7,21.8,7.2,5,12,19.9,101.7
2010,Oklahoma City Thunder*,37.4,80.8,0.462,5.1,15,0.34,32.3,65.9,0.49,21.7,27,0.805,11.7,31.8,43.5,20,8,5.9,15,21.3,101.5
2010,San Antonio Spurs*,38.4,81.2,0.473,6.8,18.9,0.358,31.7,62.3,0.508,17.8,24,0.74,10.8,32,42.8,22.3,6.3,4.6,13.6,20.4,101.4
2010,Boston Celtics*,37.1,76.8,0.483,6.1,17.5,0.348,31,59.3,0.523,19,25.5,0.746,8.7,29.9,38.6,23.5,8.5,4.9,14.9,22.1,99.2
2010,Portland Trail Blazers*,36.3,78.7,0.461,6,16.9,0.354,30.3,61.8,0.49,19.6,24.8,0.79,11.1,29.1,40.2,20.4,6.4,4.3,12.3,20.9,98.1
2010,Milwaukee Bucks*,37.2,85.3,0.436,7.9,22.1,0.356,29.3,63.2,0.464,15.4,20.4,0.755,11.8,31.2,43,21.2,7.1,4.7,13.2,22.2,97.7
2010,Chicago Bulls*,37.6,83.2,0.451,4.3,13,0.33,33.3,70.2,0.474,18,23.9,0.754,11.4,33.1,44.5,20.8,6.5,5.8,14.3,20.1,97.5
2010,Miami Heat*,36.4,79.5,0.458,6,17.4,0.346,30.4,62.1,0.489,17.7,23.5,0.752,10.7,31.1,41.8,18.9,7.4,5.6,13.2,20.9,96.5
2010,Charlotte Bobcats*,34.9,76.9,0.453,5.6,16.2,0.346,29.2,60.7,0.482,20,26.6,0.751,10.5,30.4,40.8,20.2,7.7,5.4,15.7,19.5,95.3
2013,Denver Nuggets*,40.7,85.2,0.478,6.4,18.5,0.343,34.4,66.6,0.516,18.4,26.2,0.701,13.3,31.7,45,24.4,9.3,6.5,15.3,20.5,106.1
2013,Houston Rockets*,38.1,82.7,0.461,10.6,28.9,0.366,27.5,53.8,0.511,19.2,25.5,0.754,11.1,32.3,43.4,23.2,8.3,4.4,16.4,20.3,106
2013,Oklahoma City Thunder*,38.1,79.3,0.481,7.3,19.4,0.377,30.8,60,0.514,22.2,26.8,0.828,10.4,33.2,43.6,21.4,8.3,7.6,15.3,20.2,105.7
2013,San Antonio Spurs*,39.1,81.4,0.481,8.1,21.5,0.376,31.1,59.9,0.519,16.6,21,0.791,8.1,33.2,41.3,25.1,8.5,5.4,14.7,17.4,103
2013,Miami Heat*,38.4,77.4,0.496,8.7,22.1,0.396,29.6,55.4,0.536,17.4,23,0.754,8.2,30.4,38.6,23,8.7,5.4,13.9,18.7,102.9
2013,Los Angeles Lakers*,37.1,81,0.458,8.7,24.6,0.355,28.4,56.4,0.503,19.3,27.9,0.692,11.5,33.3,44.8,22.2,7,5.2,15,17.9,102.2
2013,Golden State Warriors*,38.2,83.4,0.458,8,19.9,0.403,30.1,63.5,0.475,16.8,21.3,0.79,10.8,34.2,45,22.5,6.9,4.2,15.1,21.4,101.2
2013,Los Angeles Clippers*,38.5,80.6,0.478,7.6,21.4,0.358,30.9,59.2,0.522,16.4,23,0.711,11.4,30.2,41.6,23.9,9.6,5.6,14.6,20.9,101.1
2013,New York Knicks*,36.5,81.6,0.448,10.9,28.9,0.376,25.7,52.7,0.487,16,21.1,0.759,10.9,29.7,40.6,19.3,8.2,3.6,12,20.1,100
2013,Milwaukee Bucks*,38.1,87.8,0.435,7.3,20.4,0.36,30.8,67.4,0.457,15.3,20.7,0.736,13,30.9,44,22.9,8.4,6.7,14.1,19,98.9
2013,Atlanta Hawks*,37.6,81,0.464,8.6,23.2,0.371,29,57.8,0.501,14.1,19.7,0.715,9.2,31.6,40.9,24.5,8.1,4.5,14.9,18,98
2013,Brooklyn Nets*,35.9,79.8,0.45,7.7,21.5,0.357,28.2,58.3,0.484,17.5,23.9,0.731,12.8,30,42.8,20.3,7.3,4.8,14.7,18.3,96.9
2013,Boston Celtics*,37,79.7,0.465,6.1,17.2,0.358,30.9,62.6,0.494,16.3,21,0.776,8.1,31.3,39.3,22.8,8.2,4.5,14.6,21.2,96.5
2013,Indiana Pacers*,35.1,80.6,0.436,6.9,19.7,0.347,28.3,60.8,0.465,17.6,23.6,0.746,12.9,33,45.9,20.3,7.2,6.3,15.1,20,94.7
2013,Memphis Grizzlies*,36.1,81.5,0.444,4.7,13.5,0.345,31.5,68,0.463,16.5,21.3,0.773,12.9,29.8,42.7,20.9,8.6,5.3,14,20.2,93.4
2013,Chicago Bulls*,35.7,81.7,0.437,5.4,15.4,0.353,30.2,66.3,0.456,16.4,21.2,0.773,12.5,30.7,43.2,23,7.2,5.1,14.3,19.7,93.2
2014,Los Angeles Clippers*,39.1,82.5,0.474,8.5,24,0.352,30.7,58.5,0.525,21.2,29.1,0.73,10.5,32.5,43,24.6,8.6,4.8,13.9,21.5,107.9
2014,Houston Rockets*,38,80.5,0.472,9.5,26.6,0.358,28.5,54,0.529,22.1,31.1,0.712,11.2,34.1,45.3,21.4,7.6,5.6,16.1,20.4,107.7
2014,Portland Trail Blazers*,39.1,87,0.45,9.4,25.3,0.372,29.7,61.7,0.481,19.1,23.5,0.815,12.5,34,46.4,23.2,5.5,4.7,13.7,19.2,106.7
2014,Oklahoma City Thunder*,39,82.7,0.471,8.1,22.4,0.361,30.9,60.3,0.512,20.2,25,0.806,10.8,33.9,44.7,21.9,8.3,6.1,15.3,22.7,106.2
2014,San Antonio Spurs*,40.6,83.5,0.486,8.5,21.4,0.397,32,62,0.517,15.7,20,0.785,9.3,34,43.3,25.2,7.4,5.1,14.4,18.2,105.4
2014,Dallas Mavericks*,39.6,83.6,0.474,8.8,22.9,0.384,30.8,60.7,0.508,16.8,21.1,0.795,10.2,30.7,40.9,23.6,8.6,4.3,13.5,20,104.8
2014,Golden State Warriors*,39.5,85.4,0.462,9.4,24.8,0.38,30,60.6,0.496,15.9,21.1,0.753,10.9,34.4,45.3,23.3,7.8,5,15.2,21.8,104.3
2014,Miami Heat*,38.3,76.5,0.501,8.1,22.3,0.364,30.2,54.2,0.558,17.5,23,0.76,7.6,29.2,36.9,22.5,8.9,4.5,14.8,19.5,102.2
2014,Toronto Raptors*,36.5,81.9,0.445,8.7,23.4,0.372,27.8,58.5,0.475,19.6,25.1,0.782,11.4,31.1,42.5,21.2,7,4.2,14.1,23,101.3
2014,Atlanta Hawks*,37.3,81.6,0.458,9.4,25.8,0.363,28,55.8,0.502,17,21.7,0.781,8.7,31.3,40,24.9,8.3,4,15.3,19.2,101
2014,Washington Wizards*,38.7,84.4,0.459,7.9,20.8,0.38,30.9,63.6,0.485,15.3,20.9,0.731,10.8,31.4,42.2,23.3,8.1,4.6,14.7,20.4,100.7
2014,Brooklyn Nets*,35.7,77.9,0.459,8.6,23.4,0.369,27.1,54.5,0.497,18.4,24.4,0.753,8.8,29.4,38.1,20.9,8.6,3.8,14.5,21.7,98.5
2014,Charlotte Bobcats*,36.3,82.1,0.442,6.3,17.9,0.351,30,64.1,0.468,18,24.4,0.737,9.5,33.2,42.7,21.7,6.1,5.1,12.3,18.2,96.9
2014,Indiana Pacers*,36,80.2,0.449,6.7,18.8,0.357,29.3,61.4,0.477,18.1,23.3,0.779,10.2,34.5,44.7,20.1,6.7,5.4,15.1,20.4,96.7
2014,Memphis Grizzlies*,38.1,82,0.464,4.9,14,0.353,33.1,68,0.487,15.1,20.3,0.741,11.6,30.8,42.4,21.9,7.7,4.6,13.7,19.1,96.1
2014,Chicago Bulls*,34.7,80.2,0.432,6.2,17.8,0.348,28.5,62.4,0.456,18.1,23.3,0.779,11.4,32.7,44.1,22.7,7.2,5.2,14.9,19.1,93.7
2016,Golden State Warriors*,42.5,87.3,0.487,13.1,31.6,0.416,29.4,55.7,0.528,16.7,21.8,0.763,10,36.2,46.2,28.9,8.4,6.1,15.2,20.7,114.9
2016,Oklahoma City Thunder*,41.1,86.4,0.476,8.3,23.7,0.349,32.9,62.6,0.524,19.7,25.2,0.782,13.1,35.6,48.6,23,7.4,5.9,15.9,20.6,110.2
2016,Houston Rockets*,37.7,83.5,0.452,10.7,30.9,0.347,27,52.6,0.514,20.4,29.4,0.694,11.3,31.7,43.1,22.2,10,5.2,15.9,21.8,106.5
2016,Boston Celtics*,39.2,89.2,0.439,8.7,26.1,0.335,30.5,63.1,0.483,18.5,23.5,0.788,11.6,33.3,44.9,24.2,9.2,4.2,13.7,21.9,105.7
2016,Portland Trail Blazers*,38.6,85.9,0.45,10.5,28.5,0.37,28.1,57.4,0.49,17.4,23,0.754,11.6,33.9,45.5,21.3,6.9,4.6,14.6,21.7,105.1
2016,Los Angeles Clippers*,38.3,82.4,0.465,9.7,26.7,0.364,28.6,55.7,0.513,18.2,26.2,0.692,8.8,33.3,42,22.8,8.6,5.6,13,21.3,104.5
2016,Cleveland Cavaliers*,38.7,84,0.46,10.7,29.6,0.362,27.9,54.4,0.514,16.3,21.7,0.748,10.6,33.9,44.5,22.7,6.7,3.9,13.6,20.3,104.3
2016,San Antonio Spurs*,40.1,82.9,0.484,7,18.5,0.375,33.2,64.4,0.515,16.4,20.4,0.803,9.4,34.5,43.9,24.5,8.3,5.9,13.1,17.5,103.5
2016,Charlotte Hornets*,37,84.4,0.439,10.6,29.4,0.362,26.4,55,0.479,18.7,23.7,0.79,9,35,43.9,21.7,7.3,5.3,12.6,18.1,103.4
2016,Atlanta Hawks*,38.6,84.4,0.458,9.9,28.4,0.35,28.7,56.1,0.512,15.6,20,0.783,8.3,33.8,42.1,25.6,9.1,5.9,15,19.1,102.8
2016,Toronto Raptors*,36.7,81.3,0.451,8.6,23.4,0.37,28,58,0.483,20.8,26.7,0.777,10.2,33.2,43.4,18.7,7.8,5.5,13.1,19.6,102.7
2016,Dallas Mavericks*,37.4,84.1,0.444,9.8,28.6,0.344,27.5,55.6,0.495,17.7,22.3,0.794,9.2,33.9,43.1,22.1,6.8,3.7,12.8,19.5,102.3
2016,Indiana Pacers*,38.3,85.2,0.45,8.1,23,0.351,30.2,62.1,0.486,17.4,22.8,0.764,10.3,33.9,44.2,21.2,9,4.8,14.9,20,102.2
2016,Detroit Pistons*,37.9,86.4,0.439,9,26.2,0.345,28.9,60.2,0.48,17.1,25.5,0.668,12.5,33.9,46.3,19.4,7,3.7,13.5,19,102
2016,Miami Heat*,38.4,81.7,0.47,6.1,18,0.336,32.3,63.6,0.508,17.1,23,0.744,9.8,34.3,44.1,20.8,6.7,6.5,14.1,18.3,100
2016,Memphis Grizzlies*,36.8,83.6,0.44,6.1,18.5,0.331,30.7,65.1,0.471,19.3,24.7,0.783,11.2,30.5,41.6,20.7,8.8,4.3,13.3,21.7,99.1
2019,Milwaukee Bucks*,43.4,91.1,0.476,13.5,38.2,0.353,29.9,52.9,0.565,17.9,23.2,0.773,9.3,40.4,49.7,26,7.5,5.9,13.9,19.6,118.1
2019,Golden State Warriors*,44,89.8,0.491,13.3,34.4,0.385,30.8,55.3,0.557,16.3,20.4,0.801,9.7,36.5,46.2,29.4,7.6,6.4,14.3,21.4,117.7
2019,Philadelphia 76ers*,41.5,88.2,0.471,10.8,30.2,0.359,30.7,58,0.529,21.2,27.5,0.771,10.9,36.9,47.8,26.9,7.4,5.3,14.9,21.3,115.2
2019,Los Angeles Clippers*,41.3,87.5,0.471,10,25.8,0.388,31.3,61.7,0.507,22.6,28.5,0.792,9.7,35.8,45.5,24,6.8,4.7,14.5,23.3,115.1
2019,Portland Trail Blazers*,42.3,90.6,0.467,11,30.7,0.359,31.3,59.8,0.523,19,23.3,0.814,11.8,36.2,48,23,6.7,5,13.8,20.4,114.7
2019,Oklahoma City Thunder*,42.6,94,0.454,11.4,32.6,0.348,31.3,61.3,0.51,17.8,25,0.713,12.6,35.5,48.1,23.4,9.3,5.2,14,22.4,114.5
2019,Toronto Raptors*,42.2,89.1,0.474,12.4,33.8,0.366,29.8,55.3,0.539,17.7,22,0.804,9.6,35.6,45.2,25.4,8.3,5.3,14,21,114.4
2019,Houston Rockets*,39.2,87.4,0.449,16.1,45.4,0.356,23.1,42,0.551,19.3,24.4,0.791,10.2,31.9,42.1,21.2,8.5,4.9,13.3,22,113.9
2019,Boston Celtics*,42.1,90.5,0.465,12.6,34.5,0.365,29.5,56,0.527,15.6,19.5,0.802,9.8,34.7,44.5,26.3,8.6,5.3,12.4,20.4,112.4
2019,Brooklyn Nets*,40.3,89.7,0.449,12.8,36.2,0.353,27.5,53.6,0.513,19,25.5,0.745,11,35.6,46.6,23.8,6.6,4.1,15.1,21.5,112.2
2019,San Antonio Spurs*,42.3,88.4,0.478,9.9,25.3,0.392,32.4,63.1,0.513,17.2,21,0.819,9.2,35.5,44.7,24.5,6.1,4.7,12.1,18.1,111.7
2019,Utah Jazz*,40.4,86.4,0.468,12.1,34,0.356,28.3,52.4,0.541,18.8,25.5,0.736,10,36.4,46.4,26,8.1,5.9,15.1,21.1,111.7
2019,Denver Nuggets*,41.9,90,0.466,11,31.4,0.351,30.9,58.7,0.527,15.8,20.9,0.755,11.9,34.5,46.4,27.4,7.7,4.4,13.4,20,110.7
2019,Indiana Pacers*,41.3,87,0.475,9.5,25.4,0.374,31.8,61.6,0.517,15.8,21.1,0.752,9.3,33.7,43,26,8.7,4.9,13.7,19.4,108
2019,Orlando Magic*,40.4,89.1,0.454,11.4,32.1,0.356,29,57,0.509,15,19.2,0.782,10,35.4,45.4,25.5,6.6,5.4,13.2,18.6,107.3
2019,Detroit Pistons*,38.8,88.3,0.44,12.1,34.8,0.348,26.7,53.5,0.5,17.3,23.1,0.747,11.4,33.6,45,22.5,6.9,4,13.8,22.1,107
2020,Milwaukee Bucks*,43.3,90.9,0.476,13.8,38.9,0.355,29.5,52,0.567,18.3,24.7,0.742,9.5,42.2,51.7,25.9,7.2,5.9,15.1,19.6,118.7
2020,Houston Rockets*,40.8,90.4,0.451,15.6,45.3,0.345,25.1,45.2,0.557,20.6,26.1,0.791,9.8,34.5,44.3,21.6,8.7,5.2,14.7,21.8,117.8
2020,Dallas Mavericks*,41.7,90.3,0.461,15.1,41.3,0.367,26.5,49,0.541,18.6,23.8,0.779,10.5,36.4,46.9,24.7,6.1,4.8,12.7,19.5,117
2020,Los Angeles Clippers*,41.6,89.2,0.466,12.4,33.5,0.371,29.1,55.8,0.522,20.8,26.3,0.791,10.7,37,47.7,23.7,7.1,4.7,14.6,22.1,116.3
2020,Portland Trail Blazers*,42.2,91.2,0.463,12.9,34.1,0.377,29.3,57.1,0.514,17.7,22.1,0.804,10.2,35.1,45.3,20.6,6.3,6.1,12.8,21.7,115
2020,Boston Celtics*,41.3,89.6,0.461,12.6,34.5,0.364,28.7,55,0.522,18.6,23.2,0.801,10.7,35.4,46.1,23,8.3,5.6,13.8,21.6,113.7
2020,Los Angeles Lakers*,42.3,88.3,0.48,11,31.6,0.349,31.3,56.7,0.552,17.7,24.3,0.729,10.7,35.1,45.7,25.4,8.6,6.6,15.2,20.7,113.4
2020,Toronto Raptors*,40.2,87.9,0.458,13.8,37,0.374,26.4,50.9,0.519,18.5,23.2,0.796,9.5,35.9,45.4,25.2,8.8,5,14.8,21.7,112.8
2020,Miami Heat*,39.5,84.4,0.468,13.4,35.4,0.379,26,49,0.532,19.7,25.2,0.783,8.5,35.9,44.4,25.9,7.5,4.5,14.9,20.6,112
2020,Brooklyn Nets*,40.4,90.3,0.448,13.1,38.1,0.343,27.3,52.1,0.524,17.9,24.1,0.745,10.6,37.3,47.9,24.5,6.4,4.5,15.3,21,111.8
2020,Denver Nuggets*,42,88.9,0.473,11,30.6,0.359,31.1,58.3,0.533,16.2,20.9,0.777,10.8,33.4,44.1,26.7,8,4.6,13.8,20.3,111.3
2020,Utah Jazz*,40.1,85.1,0.471,13.4,35.2,0.38,26.7,49.9,0.535,17.8,22.8,0.779,9.1,35.8,44.9,22.4,6.1,4.1,15.1,20.4,111.3
2020,Philadelphia 76ers*,41.1,87.9,0.468,11.6,31.6,0.368,29.5,56.3,0.524,16.9,22.4,0.755,10.5,35,45.4,25.8,8,5.3,14.2,20.9,110.7
2020,Oklahoma City Thunder*,40,85.5,0.468,10.7,30.2,0.355,29.3,55.3,0.529,19.8,24.8,0.796,8.2,34.7,42.9,21.7,7.6,4.9,13.7,19.3,110.4
2020,Indiana Pacers*,42.1,88.5,0.476,10.2,28,0.363,31.9,60.4,0.529,15,19.1,0.787,8.7,34.1,42.8,25.9,7.4,5.2,13.2,19.8,109.4
2020,Orlando Magic*,39.3,88.6,0.444,11.1,32.2,0.343,28.3,56.4,0.502,17.6,22.7,0.774,10.3,34.2,44.5,23.9,8.2,5.4,12.8,18.3,107.3
2021,Milwaukee Bucks*,44.7,91.8,0.487,14.4,37.1,0.389,30.3,54.7,0.554,16.2,21.4,0.76,10.3,37.8,48.1,25.5,8.1,4.6,13.8,17.3,120.1
2021,Brooklyn Nets*,43.1,87.3,0.494,14.2,36.1,0.392,29,51.2,0.565,18.1,22.5,0.804,8.9,35.5,44.4,26.8,6.7,5.3,13.5,19,118.6
2021,Washington Wizards*,43.2,90.9,0.475,10.2,29,0.351,33,61.9,0.533,20.1,26.2,0.769,9.7,35.5,45.2,25.5,7.3,4.1,14.4,21.6,116.6
2021,Utah Jazz*,41.3,88.1,0.468,16.7,43,0.389,24.5,45.1,0.544,17.2,21.5,0.799,10.6,37.6,48.3,23.7,6.6,5.2,14.2,18.5,116.4
2021,Portland Trail Blazers*,41.3,91.1,0.453,15.7,40.8,0.385,25.6,50.3,0.509,17.8,21.6,0.823,10.6,33.9,44.5,21.3,6.9,5,11.1,18.9,116.1
2021,Phoenix Suns*,43.3,88.3,0.49,13.1,34.6,0.378,30.3,53.7,0.563,15.6,18.7,0.834,8.8,34.2,42.9,26.9,7.2,4.3,12.5,19.1,115.3
2021,Denver Nuggets*,43.3,89.2,0.485,12.9,34.2,0.377,30.4,55,0.552,15.7,19.5,0.803,10.5,33.9,44.4,26.8,8.1,4.5,13.5,19.1,115.1
2021,Los Angeles Clippers*,41.8,86.7,0.482,14.3,34.7,0.411,27.5,52,0.529,16.2,19.3,0.839,9.4,34.7,44.2,24.4,7.1,4.1,13.2,19.2,114
2021,Atlanta Hawks*,40.8,87.2,0.468,12.4,33.4,0.373,28.4,53.9,0.526,19.7,24.2,0.812,10.6,35.1,45.6,24.1,7,4.8,13.2,19.3,113.7
2021,Philadelphia 76ers*,41.4,86.9,0.476,11.3,30.1,0.374,30.1,56.8,0.531,19.6,25.5,0.767,10,35,45.1,23.7,9.1,6.2,14.4,20.2,113.6
2021,Memphis Grizzlies*,42.8,91.8,0.467,11.2,31.4,0.356,31.7,60.4,0.525,16.4,21.3,0.771,11.2,35.3,46.5,26.9,9.1,5.1,13.3,18.7,113.3
2021,Boston Celtics*,41.5,88.9,0.466,13.6,36.4,0.374,27.9,52.5,0.53,16.1,20.8,0.775,10.6,33.6,44.3,23.5,7.7,5.3,14.1,20.4,112.6
2021,Dallas Mavericks*,41.1,87.3,0.47,13.8,38.1,0.362,27.3,49.2,0.554,16.5,21.2,0.778,9.1,34.2,43.3,22.9,6.3,4.3,12.1,19.4,112.4
2021,Los Angeles Lakers*,40.6,86.1,0.472,11.1,31.2,0.354,29.6,54.8,0.539,17.2,23.3,0.739,9.7,34.6,44.2,24.7,7.8,5.4,15.2,19.1,109.5
2021,Miami Heat*,39.2,83.7,0.468,12.9,36.2,0.358,26.3,47.5,0.553,16.7,21.1,0.79,8,33.5,41.5,26.3,7.9,4,14.1,18.9,108.1
2021,New York Knicks*,39.4,86.5,0.456,11.8,30,0.392,27.7,56.4,0.49,16.4,20.9,0.784,9.7,35.5,45.1,21.4,7,5.1,12.9,20.5,107
2023,Sacramento Kings*,43.6,88.2,0.494,13.8,37.3,0.369,29.8,50.9,0.586,19.8,25.1,0.79,9.5,32.9,42.5,27.3,7,3.4,13.5,19.7,120.7
2023,Golden State Warriors*,43.1,90.2,0.479,16.6,43.2,0.385,26.5,47,0.564,16,20.2,0.794,10.5,34.1,44.6,29.8,7.2,3.9,16.3,21.4,118.9
2023,Atlanta Hawks*,44.6,92.4,0.483,10.8,30.5,0.352,33.9,61.8,0.548,18.5,22.6,0.818,11.2,33.2,44.4,25,7.1,4.9,12.9,18.8,118.4
2023,Boston Celtics*,42.2,88.8,0.475,16,42.6,0.377,26.2,46.2,0.567,17.5,21.6,0.812,9.7,35.6,45.3,26.7,6.4,5.2,13.4,18.8,117.9
2023,Los Angeles Lakers*,42.9,89,0.482,10.8,31.2,0.346,32.1,57.8,0.555,20.6,26.6,0.775,10,35.7,45.7,25.3,6.4,4.6,14.1,17.9,117.2
2023,Memphis Grizzlies*,43.7,92.1,0.475,12,34.2,0.351,31.7,57.9,0.548,17.5,23.8,0.733,12,34.6,46.6,26,8.3,5.8,13.6,20,116.9
2023,Milwaukee Bucks*,42.7,90.4,0.473,14.8,40.3,0.368,27.9,50.1,0.557,16.6,22.4,0.743,11.1,37.5,48.6,25.8,6.4,4.9,14.6,18.1,116.9
2023,New York Knicks*,42,89.4,0.47,12.6,35.7,0.354,29.4,53.6,0.547,19.4,25.5,0.761,12.6,34,46.6,22.9,6.4,4.1,13,20.3,116
2023,Denver Nuggets*,43.6,86.4,0.504,11.8,31.2,0.379,31.8,55.2,0.575,16.8,22.4,0.751,10.1,32.9,43,28.9,7.5,4.5,14.5,18.6,115.8
2023,Minnesota Timberwolves*,42.9,87.4,0.49,12.2,33.3,0.365,30.7,54.1,0.568,17.9,23.7,0.755,9.1,32.8,41.9,26.2,8,5.4,15.3,21.6,115.8
2023,Philadelphia 76ers*,40.8,83.8,0.487,12.6,32.6,0.387,28.2,51.2,0.551,21,25.1,0.835,8.7,32.2,40.9,25.2,7.7,4.7,13.7,20.4,115.2
2023,Phoenix Suns*,42.1,90.1,0.467,12.2,32.6,0.374,29.9,57.5,0.52,17.2,21.7,0.793,11.8,32.4,44.2,27.3,7.1,5.3,13.5,21.2,113.6
2023,Los Angeles Clippers*,41.1,86.1,0.477,12.7,33.4,0.381,28.4,52.7,0.539,18.7,23.9,0.781,9.8,33.4,43.2,23.9,7.1,4.4,14.2,19.5,113.6
2023,Brooklyn Nets*,41.5,85.1,0.487,12.8,33.8,0.378,28.7,51.3,0.559,17.7,22.1,0.8,8.2,32.3,40.5,25.5,7.1,6.2,13.7,21.1,113.4
2023,Cleveland Cavaliers*,41.6,85.2,0.488,11.6,31.6,0.367,30,53.6,0.559,17.5,22.5,0.78,9.7,31.4,41.1,24.9,7.1,4.7,13.3,19,112.3
2023,Miami Heat*,39.2,85.3,0.46,12,34.8,0.344,27.3,50.5,0.54,19.1,23,0.831,9.7,30.9,40.6,23.8,8,3,13.5,18.5,109.5
