Season,Team,Age,W,MOV,SOS,SRS,ORtg,DRtg,NRtg,Pace,FTr,3PAr,TS%,eFG%,TOV%,ORB%,FT/FGA,Opp_eFG%,Opp_TOV%,DRB%,Opp_FT/FGA
1991,Chicago Bulls*,26.9,61,9.1,-0.53,8.57,114.6,105.2,9.4,95.6,0.296,0.06,0.56,0.521,12.8,34.7,0.225,0.488,15.3,68.8,0.226
1991,Portland Trail Blazers*,27.9,63,8.68,-0.21,8.47,112.8,104.3,8.5,100.5,0.344,0.123,0.554,0.509,13.4,33.8,0.259,0.473,14.4,70.4,0.25
1991,Los Angeles Lakers*,28.4,58,6.74,-0.01,6.73,112.1,105,7.1,94.1,0.327,0.108,0.551,0.5,13.2,33,0.261,0.474,12.8,68.3,0.176
1991,Phoenix Suns*,26.9,55,6.55,-0.06,6.49,112.6,106.1,6.5,101,0.372,0.06,0.558,0.506,13.5,33,0.287,0.474,13.1,68.5,0.227
1991,Boston Celtics*,28.2,56,5.82,-0.6,5.22,112.6,106.7,5.9,98.5,0.277,0.048,0.565,0.52,14,33,0.228,0.465,11.7,69.3,0.217
1991,San Antonio Spurs*,26,55,4.51,-0.21,4.3,107.8,103.3,4.5,98.6,0.352,0.043,0.544,0.494,15.2,33.3,0.269,0.463,13.2,70.3,0.228
1991,Detroit Pistons*,30.5,50,3.27,-0.19,3.08,108.2,104.6,3.6,91.9,0.322,0.064,0.523,0.474,13.1,34.7,0.245,0.464,12.8,71,0.248
1991,Utah Jazz*,28.7,54,3.33,-0.15,3.18,108.6,105.1,3.5,95.3,0.378,0.07,0.559,0.503,14.6,27.6,0.298,0.473,13.7,69.2,0.23
1991,Houston Rockets*,27.3,52,3.5,-0.23,3.27,107.4,103.9,3.5,98.5,0.302,0.136,0.53,0.489,14.5,34.4,0.224,0.469,14.7,66.9,0.22
1991,Milwaukee Bucks*,29.3,48,2.48,-0.15,2.33,109.7,107.2,2.5,96.1,0.323,0.108,0.55,0.499,14.3,31.8,0.258,0.5,16.4,66.1,0.259
1991,Golden State Warriors*,26.5,44,1.63,0.09,1.72,111.9,110.3,1.6,103.6,0.376,0.109,0.559,0.504,13.7,31,0.294,0.497,15.2,64.1,0.289
1991,Seattle SuperSonics*,26.2,41,1.23,0.08,1.31,109.7,108.5,1.2,96.2,0.301,0.06,0.542,0.501,14.8,36.3,0.226,0.503,16,66.3,0.277
1991,Atlanta Hawks*,29,43,0.77,-0.05,0.72,110.9,110.1,0.8,98.6,0.352,0.116,0.54,0.482,12.9,33.1,0.282,0.509,13.7,69.1,0.22
1991,New York Knicks*,28.1,39,-0.23,-0.2,-0.43,107.1,107.3,-0.2,95,0.315,0.082,0.544,0.498,15.1,31.1,0.242,0.489,13.4,68.5,0.205
1991,Philadelphia 76ers*,28.4,44,-0.18,-0.21,-0.39,107.9,108.1,-0.2,95.7,0.342,0.089,0.542,0.489,13.4,28.1,0.27,0.489,12.5,68.3,0.187
1991,Indiana Pacers*,26.4,41,-0.39,0.02,-0.37,111.7,112.1,-0.4,99.4,0.354,0.107,0.566,0.511,14.4,30.6,0.287,0.503,13.1,66.4,0.254
1993,Seattle SuperSonics*,27.7,55,7.07,-0.42,6.66,112.3,104.9,7.4,96,0.316,0.085,0.546,0.502,13.5,35.5,0.241,0.489,16.4,67.7,0.26
1993,Chicago Bulls*,28.1,57,6.29,-0.1,6.19,112.9,106.1,6.8,92.5,0.271,0.093,0.535,0.499,12,36.3,0.199,0.493,15.4,68.7,0.239
1993,Cleveland Cavaliers*,28.8,54,6.45,-0.15,6.3,112.7,106,6.7,94.8,0.308,0.108,0.565,0.518,12.5,28.1,0.247,0.482,13.1,69.1,0.185
1993,Phoenix Suns*,28.2,62,6.66,-0.39,6.27,113.3,106.7,6.6,99.8,0.358,0.154,0.566,0.521,14.2,33,0.27,0.496,13.9,69.2,0.206
1993,New York Knicks*,28.3,60,6.16,-0.29,5.87,106.1,99.7,6.4,94.5,0.336,0.088,0.526,0.479,14.1,33.1,0.249,0.444,14.9,72.1,0.294
1993,Houston Rockets*,27.4,55,4.23,-0.66,3.57,109.6,105.2,4.4,94.4,0.31,0.159,0.557,0.515,14.5,30,0.235,0.474,13.4,68.5,0.201
1993,Portland Trail Blazers*,28.2,51,3.11,-0.19,2.92,108.3,105.2,3.1,99.1,0.347,0.115,0.526,0.476,12.6,32.7,0.259,0.488,14.8,71,0.237
1993,San Antonio Spurs*,27.5,49,2.67,-0.46,2.21,109.6,106.8,2.8,95.4,0.347,0.102,0.555,0.507,13.6,27.8,0.265,0.477,12.3,70.1,0.221
1993,Utah Jazz*,29.3,47,2.17,-0.43,1.74,109.6,107.4,2.2,96.5,0.365,0.061,0.55,0.498,13.8,31,0.279,0.487,13.9,68.7,0.25
1993,Indiana Pacers*,26.8,41,1.7,0.08,1.77,111.9,110.1,1.8,96,0.342,0.112,0.547,0.498,13.5,34.2,0.262,0.485,12.7,67.4,0.281
1993,New Jersey Nets*,27.3,43,1.26,-0.05,1.2,106.5,105.2,1.3,96,0.319,0.069,0.522,0.473,14.4,35.5,0.244,0.48,14.1,69.5,0.24
1993,Boston Celtics*,28.6,48,0.89,0.04,0.93,108.7,107.8,0.9,94.9,0.27,0.054,0.536,0.495,12.9,31.2,0.21,0.479,12.9,69,0.251
1993,Los Angeles Clippers*,26.7,41,0.35,-0.03,0.33,107.4,107.1,0.3,99.1,0.297,0.067,0.53,0.493,13.9,32.7,0.213,0.489,15.1,66.7,0.263
1993,Charlotte Hornets*,25.7,44,-0.24,0.22,-0.02,109.5,109.7,-0.2,100.2,0.329,0.074,0.547,0.499,13.8,31.3,0.254,0.487,12.6,65,0.201
1993,Atlanta Hawks*,27.1,43,-0.87,0.2,-0.67,109.3,110.2,-0.9,97.6,0.305,0.148,0.534,0.493,14,34.8,0.227,0.516,14.6,68.5,0.224
1993,Los Angeles Lakers*,28,39,-1.27,0.06,-1.2,107.6,108.9,-1.3,96.2,0.329,0.09,0.534,0.486,13.7,31.4,0.249,0.5,14.3,66.4,0.215
1995,Utah Jazz*,29.6,60,7.99,-0.23,7.76,114.3,105.7,8.6,92.6,0.392,0.126,0.587,0.535,14.8,29.1,0.306,0.496,15.5,72.5,0.292
1995,Seattle SuperSonics*,28.7,57,8.18,-0.27,7.91,114.8,106.3,8.5,95.5,0.38,0.194,0.575,0.527,14.1,32.6,0.288,0.492,16.1,68.7,0.278
1995,Orlando Magic*,26.6,57,7.06,-0.62,6.44,115.1,107.8,7.3,95.1,0.357,0.205,0.569,0.539,14,34,0.239,0.49,13.3,68.4,0.22
1995,San Antonio Spurs*,29,62,5.96,-0.06,5.9,111.7,105.4,6.3,94.6,0.372,0.173,0.562,0.516,13.8,30.9,0.275,0.485,13,72.3,0.214
1995,Chicago Bulls*,28.1,47,4.83,-0.51,4.32,109.5,104.3,5.2,92,0.308,0.177,0.546,0.509,14.5,32.9,0.224,0.488,16.7,68.2,0.263
1995,Phoenix Suns*,29.2,59,3.88,-0.02,3.86,114.5,110.4,4.1,95.9,0.338,0.227,0.567,0.524,12.7,29.7,0.255,0.515,14,69.8,0.228
1995,Portland Trail Blazers*,29.3,44,3.82,-0.02,3.8,109.7,105.7,4,93.8,0.313,0.177,0.521,0.483,13,37.1,0.218,0.491,14.8,73.5,0.277
1995,Indiana Pacers*,28.7,52,3.7,-0.34,3.35,109.6,105.6,4,90,0.383,0.158,0.557,0.507,15.5,32.8,0.287,0.493,15.8,68.6,0.237
1995,Charlotte Hornets*,28,50,3.28,-0.41,2.87,109.6,106.1,3.5,91.2,0.317,0.219,0.562,0.517,14.3,26,0.247,0.485,13.8,68.5,0.202
1995,New York Knicks*,29.4,55,3.11,-0.33,2.78,107.2,103.8,3.4,91.2,0.331,0.226,0.55,0.508,15.1,28.6,0.243,0.468,14.4,70.8,0.281
1995,Houston Rockets*,28.5,47,2.12,0.2,2.32,109.7,107.4,2.3,94.2,0.31,0.267,0.568,0.529,15,26.9,0.232,0.489,13.9,67.7,0.199
1995,Atlanta Hawks*,28.2,42,1.28,-0.22,1.06,106.6,105.2,1.4,89.8,0.292,0.237,0.525,0.487,13.9,31.6,0.211,0.495,15.6,68.4,0.215
1995,Denver Nuggets*,26.6,41,0.84,0.11,0.96,109.1,108.2,0.9,91.5,0.357,0.18,0.556,0.511,15.6,32,0.263,0.487,13.2,70.2,0.257
1995,Cleveland Cavaliers*,28.3,43,0.62,-0.07,0.55,105.3,104.6,0.7,84.8,0.317,0.165,0.52,0.472,14.2,31.8,0.241,0.493,15,72.4,0.224
1995,Los Angeles Lakers*,25.9,48,-0.22,0.21,-0.01,109.1,109.4,-0.3,95.2,0.292,0.21,0.539,0.5,13.4,31.3,0.215,0.5,14.8,64.4,0.224
1995,Boston Celtics*,27.2,35,-1.88,-0.04,-1.92,108.6,110.6,-2,94,0.331,0.144,0.537,0.491,14.3,33.1,0.249,0.512,13.6,68.6,0.235
1996,Chicago Bulls*,29.9,72,12.24,-0.44,11.8,115.2,101.8,13.4,91.1,0.291,0.196,0.555,0.517,13.1,36.9,0.217,0.482,16.1,71.1,0.222
1996,Seattle SuperSonics*,29.6,64,7.79,-0.4,7.4,110.3,102.1,8.2,93.8,0.379,0.249,0.574,0.526,16.2,29.7,0.288,0.479,16.7,69.5,0.252
1996,Utah Jazz*,29.5,55,6.59,-0.34,6.25,113.3,106.1,7.2,90,0.359,0.158,0.566,0.517,14.1,31.6,0.276,0.489,15.1,71.7,0.295
1996,San Antonio Spurs*,29.4,59,6.3,-0.33,5.98,110.2,103.5,6.7,93.3,0.342,0.2,0.558,0.516,13.6,27.5,0.252,0.472,13.9,70,0.216
1996,Orlando Magic*,27.7,60,5.56,-0.16,5.4,112.9,106.9,6,91.8,0.336,0.248,0.562,0.529,13.2,29,0.232,0.491,14,68.8,0.223
1996,Los Angeles Lakers*,27.1,53,4.45,-0.24,4.21,111.4,106.6,4.8,92.4,0.306,0.203,0.555,0.515,13.3,30.1,0.228,0.491,14.9,66.8,0.205
1996,Indiana Pacers*,29.4,52,3.24,-0.14,3.11,110.8,107.2,3.6,89.3,0.389,0.157,0.56,0.509,15.5,33,0.294,0.491,14.7,69.3,0.271
1996,Cleveland Cavaliers*,27.5,47,2.59,-0.09,2.49,109.9,106.7,3.2,82.3,0.296,0.264,0.551,0.51,13.7,28.6,0.226,0.506,16.3,70.2,0.242
1996,Detroit Pistons*,26.8,46,2.5,-0.05,2.45,107.9,105.1,2.8,87.7,0.36,0.221,0.551,0.504,14.6,28,0.271,0.483,13.7,71.7,0.229
1996,Portland Trail Blazers*,28.1,44,2.35,-0.14,2.21,106,103.5,2.5,92.6,0.347,0.203,0.528,0.494,15.2,33.4,0.23,0.478,13.5,73.4,0.236
1996,New York Knicks*,30.4,47,2.32,-0.08,2.24,106,103.5,2.5,91,0.306,0.201,0.55,0.509,14.9,25.5,0.232,0.476,14.8,71.1,0.251
1996,Houston Rockets*,29,48,1.74,-0.12,1.63,109.3,107.4,1.9,93.2,0.317,0.265,0.555,0.512,14.1,26.9,0.243,0.495,13.6,68.6,0.206
1996,Miami Heat*,27.4,42,1.43,0.03,1.46,105.3,103.8,1.5,91.1,0.345,0.23,0.541,0.501,16,30.1,0.245,0.469,14.8,71.8,0.298
1996,Atlanta Hawks*,28.1,46,1.22,0.07,1.29,109.4,108,1.4,89.6,0.302,0.239,0.534,0.49,14,34,0.229,0.512,16.3,67.1,0.217
1996,Phoenix Suns*,27.9,41,0.33,-0.05,0.28,110.3,110,0.3,93.2,0.37,0.147,0.551,0.498,13.5,29.8,0.286,0.511,13.3,71.4,0.225
1996,Sacramento Kings*,26.6,39,-2.71,0.09,-2.62,106.2,109.1,-2.9,93.4,0.371,0.184,0.54,0.493,16,32.5,0.271,0.498,15.1,69,0.302
1998,Los Angeles Lakers*,25.8,61,7.74,-0.87,6.88,111.9,103.7,8.2,93.6,0.42,0.216,0.559,0.519,14,31.6,0.285,0.467,14.1,68.8,0.245
1998,Seattle SuperSonics*,31.1,61,7.17,-0.84,6.33,111.6,103.6,8,89.8,0.327,0.243,0.558,0.521,13.4,28.7,0.236,0.478,15.9,66.1,0.223
1998,Chicago Bulls*,31.7,62,7.11,0.13,7.24,107.7,99.8,7.9,89,0.295,0.141,0.516,0.473,13.3,35.7,0.219,0.457,14.7,70.6,0.22
1998,Utah Jazz*,29.7,62,6.54,-0.81,5.73,112.7,105.4,7.3,89.2,0.433,0.11,0.569,0.51,14.8,32.3,0.334,0.471,13.5,71,0.271
1998,Indiana Pacers*,29.7,58,6.09,0.16,6.25,108.4,101.6,6.8,87.9,0.343,0.165,0.55,0.502,14,27.9,0.262,0.453,14.4,67.8,0.236
1998,Phoenix Suns*,28.2,56,5.18,-0.75,4.44,107.4,101.8,5.6,91.4,0.29,0.18,0.54,0.5,14,29.7,0.217,0.471,15.3,70,0.227
1998,Miami Heat*,28.1,55,4.93,0.16,5.09,107.6,102,5.6,87.9,0.329,0.244,0.538,0.494,14.5,31.5,0.243,0.452,14.2,69.6,0.257
1998,San Antonio Spurs*,28.7,56,3.99,-0.69,3.3,103.8,99.4,4.4,88.4,0.35,0.139,0.531,0.493,15.6,30.6,0.241,0.437,12.2,72.2,0.218
1998,Atlanta Hawks*,29.4,50,3.51,0.34,3.85,108.2,104.3,3.9,87.7,0.364,0.16,0.533,0.481,14.1,33.9,0.275,0.468,13,69.1,0.194
1998,Cleveland Cavaliers*,24.6,47,2.73,0.33,3.06,102.2,99.1,3.1,89.9,0.352,0.129,0.529,0.478,16.5,30,0.266,0.46,16.8,71.1,0.264
1998,New York Knicks*,30.2,43,2.46,0.28,2.74,103,100.3,2.7,88.2,0.283,0.178,0.521,0.476,14.7,29.5,0.218,0.455,14.7,74,0.282
1998,Charlotte Hornets*,29.2,51,2,0.45,2.45,107.5,105.3,2.2,89.4,0.345,0.142,0.542,0.495,14.6,30.4,0.259,0.493,14.6,70.8,0.224
1998,New Jersey Nets*,27.8,43,1.57,0.31,1.88,108.3,106.6,1.7,91,0.339,0.135,0.513,0.463,12.9,36.7,0.253,0.499,16.7,66.4,0.258
1998,Portland Trail Blazers*,26.1,46,1.4,-0.57,0.83,104,102.4,1.6,90,0.348,0.164,0.524,0.476,15.8,33,0.256,0.46,13.4,71.4,0.249
1998,Minnesota Timberwolves*,26.4,45,0.71,-0.54,0.17,107.8,107.1,0.7,92.6,0.329,0.128,0.529,0.483,12.7,30.6,0.244,0.48,13.5,68.5,0.24
1998,Houston Rockets*,32,41,-0.76,-0.47,-1.23,107.7,108.6,-0.9,91,0.326,0.256,0.544,0.496,14.8,29.8,0.251,0.499,13.3,69.3,0.208
2000,Los Angeles Lakers*,29.2,67,8.55,-0.14,8.41,107.3,98.2,9.1,93.3,0.346,0.153,0.525,0.484,12.7,30.6,0.241,0.443,13.4,73.1,0.222
2000,Portland Trail Blazers*,29.6,59,6.4,-0.04,6.36,107.9,100.8,7.1,89.9,0.316,0.175,0.546,0.501,14.5,30.3,0.24,0.461,13.8,72.4,0.217
2000,San Antonio Spurs*,30.9,53,5.94,-0.02,5.92,105,98.6,6.4,90.8,0.346,0.138,0.535,0.488,14.3,27.8,0.258,0.451,13.5,73,0.188
2000,Phoenix Suns*,28.6,53,5.22,0.02,5.24,104.6,99,5.6,94,0.286,0.184,0.532,0.491,15.2,29.3,0.217,0.454,15.7,70.5,0.245
2000,Utah Jazz*,31.5,55,4.46,0.05,4.52,107.3,102.3,5,89.6,0.337,0.134,0.54,0.49,14.3,29.5,0.26,0.477,15,73.2,0.256
2000,Indiana Pacers*,30.4,56,4.6,-0.45,4.15,108.5,103.6,4.9,93.1,0.302,0.224,0.552,0.503,13.3,24.9,0.245,0.469,12.6,71.5,0.197
2000,Miami Heat*,29.2,52,3.11,-0.36,2.75,104.5,101,3.5,89.7,0.283,0.186,0.533,0.495,14.5,28.2,0.208,0.453,13.3,72.9,0.229
2000,Sacramento Kings*,27.5,44,2.91,0.12,3.04,105,102.1,2.9,99.3,0.277,0.227,0.526,0.486,13.9,27.7,0.209,0.479,15.1,69.7,0.198
2000,Charlotte Hornets*,28.7,49,2.67,-0.34,2.33,104.3,101.4,2.9,93.9,0.376,0.153,0.53,0.475,13.7,25.7,0.285,0.478,14.6,73.2,0.198
2000,Minnesota Timberwolves*,26.6,50,2.52,0.14,2.67,106.1,103.4,2.7,91.8,0.256,0.104,0.525,0.485,12.9,29.4,0.2,0.474,14,73,0.25
2000,New York Knicks*,29.5,50,1.46,-0.16,1.3,102.5,100.9,1.6,89.2,0.283,0.147,0.527,0.482,14.4,24.7,0.221,0.455,13.6,73.1,0.251
2000,Detroit Pistons*,28.3,42,1.44,-0.31,1.13,107.3,105.8,1.5,95.7,0.378,0.184,0.548,0.492,14.3,26.8,0.295,0.499,15.4,71.6,0.249
2000,Philadelphia 76ers*,27.1,49,1.34,-0.32,1.02,101.5,100,1.5,92.7,0.329,0.095,0.501,0.457,14.2,31.4,0.233,0.466,16.2,69.9,0.229
2000,Seattle SuperSonics*,28.5,45,0.95,0.22,1.17,105.6,104.6,1,93.4,0.282,0.232,0.52,0.487,12.9,28.5,0.196,0.483,14,69.6,0.193
2000,Milwaukee Bucks*,28.2,42,0.22,-0.28,-0.06,108.2,107.9,0.3,92.7,0.29,0.157,0.539,0.494,13.8,30,0.228,0.496,14.6,69.6,0.254
2000,Toronto Raptors*,29.3,45,-0.16,-0.3,-0.46,104.7,104.9,-0.2,92.5,0.3,0.17,0.511,0.464,12.7,30.1,0.23,0.48,14.2,71.8,0.247
2001,San Antonio Spurs*,29.5,58,7.76,0.16,7.92,106.6,98,8.6,89.6,0.374,0.175,0.541,0.496,13.6,27.1,0.267,0.444,12.9,73.7,0.182
2001,Sacramento Kings*,27.1,55,5.82,0.25,6.07,105.6,99.6,6,94.4,0.298,0.194,0.529,0.484,13.4,27.2,0.23,0.46,14.5,70.7,0.181
2001,Utah Jazz*,32,53,4.7,0.31,5,107.6,102.4,5.2,89.8,0.363,0.135,0.546,0.497,15.1,30.2,0.273,0.473,15.6,73.2,0.301
2001,Philadelphia 76ers*,28.2,56,4.28,-0.65,3.64,103.6,98.9,4.7,90.6,0.351,0.124,0.518,0.468,14.7,31.2,0.262,0.46,14.5,72.5,0.186
2001,Portland Trail Blazers*,30.1,50,4.2,0.33,4.52,106.5,101.8,4.7,89.1,0.296,0.165,0.539,0.497,14.8,30,0.225,0.47,14.3,72.4,0.223
2001,Dallas Mavericks*,26.6,53,4.28,0.32,4.61,107.1,102.6,4.5,93.2,0.291,0.202,0.544,0.498,13.1,24.1,0.231,0.467,14.2,70.7,0.244
2001,Milwaukee Bucks*,28.2,52,3.88,-0.74,3.14,108.8,104.6,4.2,92.1,0.276,0.218,0.542,0.499,12.8,28.1,0.217,0.473,14.4,71.1,0.253
2001,Los Angeles Lakers*,29.2,56,3.38,0.37,3.74,108.4,104.8,3.6,91.7,0.349,0.191,0.535,0.498,13.3,31.1,0.238,0.468,12.2,72.5,0.234
2001,New York Knicks*,29.8,48,2.63,-0.65,1.98,101.2,98.2,3,86.7,0.279,0.18,0.523,0.476,14.6,24.2,0.222,0.453,14.7,74.3,0.24
2001,Miami Heat*,30.9,50,2.29,-0.57,1.73,101.1,98.5,2.6,87.1,0.299,0.221,0.515,0.469,13.7,24.3,0.227,0.46,15.3,72.7,0.214
2001,Toronto Raptors*,29.9,47,2.26,-0.57,1.69,105.9,103.4,2.5,90.9,0.285,0.167,0.51,0.468,12.1,30.8,0.213,0.476,13.3,73.2,0.212
2001,Charlotte Hornets*,28.2,46,2.1,-0.65,1.45,101.8,99.5,2.3,89.4,0.33,0.151,0.506,0.457,13.7,29.8,0.246,0.456,14.1,74.5,0.222
2001,Phoenix Suns*,28.6,51,2.21,0.42,2.63,100.3,98,2.3,93.1,0.292,0.156,0.506,0.46,14.1,27.3,0.221,0.46,16.3,73.7,0.252
2001,Minnesota Timberwolves*,27.4,47,1.35,0.46,1.81,105.2,103.7,1.5,91.8,0.253,0.131,0.523,0.482,13,28.6,0.199,0.478,14.2,71.9,0.238
2001,Orlando Magic*,26,43,0.99,-0.6,0.39,103.2,102.1,1.1,93.2,0.301,0.196,0.513,0.474,13.8,29.1,0.215,0.464,15.6,69.8,0.29
2001,Indiana Pacers*,27.7,41,-0.2,-0.57,-0.77,102,102.2,-0.2,89.4,0.312,0.18,0.519,0.471,14.5,27,0.239,0.452,12.8,71.4,0.235
2004,San Antonio Spurs*,27.3,57,7.22,0.29,7.51,102.2,94.1,8.1,89.2,0.322,0.177,0.511,0.473,14.1,29.5,0.219,0.433,14.8,74.6,0.215
2004,Detroit Pistons*,27.4,54,5.84,-0.81,5.04,102,95.4,6.6,87.9,0.328,0.153,0.511,0.461,14.7,30.1,0.247,0.441,15.5,71.8,0.202
2004,Indiana Pacers*,27.1,61,5.76,-0.82,4.93,103.8,97.2,6.6,87.5,0.319,0.203,0.52,0.471,14.1,28.5,0.243,0.459,15.7,73.9,0.218
2004,Minnesota Timberwolves*,29.7,58,5.49,0.37,5.86,105.9,99.7,6.2,89,0.265,0.137,0.528,0.486,12.4,26.7,0.207,0.444,12.9,72.5,0.215
2004,Sacramento Kings*,29.3,55,5.01,0.4,5.41,110.3,104.9,5.4,92.8,0.305,0.223,0.554,0.507,13,26,0.242,0.483,13.7,69.8,0.193
2004,Dallas Mavericks*,27.4,52,4.44,0.42,4.86,112.1,107.4,4.7,93.2,0.256,0.201,0.536,0.495,11.1,31.4,0.204,0.498,13.9,71.6,0.214
2004,Los Angeles Lakers*,29.8,56,3.9,0.45,4.35,105.5,101.3,4.2,92.3,0.352,0.167,0.522,0.481,12.8,28.1,0.244,0.471,14.3,73.3,0.222
2004,New Jersey Nets*,27.7,47,2.5,-0.63,1.88,100.8,98,2.8,89.4,0.291,0.176,0.515,0.471,14.4,25.9,0.219,0.46,15.7,73.9,0.221
2004,Memphis Grizzlies*,26,50,2.44,0.52,2.95,104.8,102.2,2.6,91.4,0.322,0.197,0.522,0.479,13.9,29.5,0.234,0.465,15.7,68.4,0.251
2004,Houston Rockets*,28.3,45,1.73,0.55,2.28,100.9,99,1.9,87.8,0.286,0.227,0.528,0.484,16.4,26.5,0.221,0.447,13.1,74.5,0.233
2004,Denver Nuggets*,25.6,43,1.07,0.58,1.65,103.9,102.7,1.2,93.3,0.319,0.146,0.517,0.467,14.2,30.5,0.245,0.481,15.6,69.3,0.221
2004,Milwaukee Bucks*,26.5,41,1.06,-0.64,0.42,106.5,105.4,1.1,91.6,0.33,0.172,0.528,0.477,12.7,27.6,0.255,0.485,13.3,71.8,0.213
2004,Miami Heat*,26.4,42,0.52,-0.65,-0.13,102.2,101.7,0.5,88,0.298,0.211,0.51,0.463,13.5,27.4,0.227,0.463,14.5,73.4,0.26
2004,New Orleans Hornets*,30.3,41,-0.1,-0.62,-0.72,102.3,102.4,-0.1,89.1,0.293,0.252,0.505,0.46,14.1,30.6,0.22,0.476,15,71.3,0.218
2004,Boston Celtics*,26.4,36,-1.45,-0.54,-1.99,102.1,103.7,-1.6,93.2,0.327,0.249,0.532,0.486,15.4,25.2,0.245,0.479,15.7,69.5,0.24
2004,New York Knicks*,29.6,39,-1.48,-0.49,-1.97,101.7,103.3,-1.6,89.5,0.266,0.171,0.518,0.474,15.1,28,0.211,0.461,13.2,72.8,0.259
2007,San Antonio Spurs*,30.4,58,8.43,-0.08,8.35,109.2,99.9,9.3,89.8,0.313,0.247,0.561,0.521,13.6,24.2,0.235,0.471,14,75.7,0.201
2007,Dallas Mavericks*,28.1,67,7.22,0.06,7.28,111.3,103.2,8.1,89.5,0.317,0.218,0.559,0.509,13.4,28.7,0.256,0.477,14.2,75,0.265
2007,Phoenix Suns*,27.6,61,7.3,-0.03,7.28,113.9,106.4,7.5,95.6,0.267,0.287,0.59,0.551,13.4,22.7,0.215,0.492,13.6,71.9,0.206
2007,Chicago Bulls*,26,49,5.01,-0.49,4.52,104.9,99.6,5.3,93.6,0.313,0.186,0.534,0.493,14.7,28.6,0.229,0.473,16.2,74.3,0.252
2007,Houston Rockets*,28.2,52,4.85,0.19,5.04,106,100.7,5.3,90.7,0.292,0.29,0.54,0.499,13.6,25.7,0.22,0.466,13.6,77,0.23
2007,Detroit Pistons*,29,53,4.16,-0.47,3.69,108.9,104.2,4.7,87.3,0.307,0.201,0.535,0.488,12,28.3,0.237,0.477,14.3,70.9,0.234
2007,Cleveland Cavaliers*,26.9,50,3.83,-0.5,3.33,105.5,101.3,4.2,90.8,0.32,0.211,0.522,0.484,13.4,29.7,0.223,0.48,14.7,75.8,0.243
2007,Utah Jazz*,25.9,51,2.87,0.2,3.06,110.1,107,3.1,91.6,0.38,0.163,0.551,0.502,14.5,31.7,0.283,0.496,14.4,75.1,0.314
2007,Denver Nuggets*,26.5,45,1.62,0.07,1.69,107.6,105.9,1.7,97.4,0.36,0.212,0.548,0.501,14.6,28.9,0.268,0.499,14.5,71.8,0.203
2007,Toronto Raptors*,26,47,0.99,-0.38,0.61,107,106,1,92.6,0.303,0.224,0.55,0.504,13,22.2,0.239,0.503,14.3,74.5,0.219
2007,Orlando Magic*,25.6,40,0.78,-0.43,0.35,104.9,104.1,0.8,89.9,0.393,0.158,0.544,0.5,16.3,29.3,0.276,0.48,14.6,73.7,0.286
2007,Los Angeles Lakers*,25.3,42,-0.07,0.32,0.24,108.6,108.6,0,93.5,0.333,0.259,0.554,0.511,14.3,26.1,0.249,0.5,13.5,72.3,0.262
2007,Golden State Warriors*,24.6,42,-0.34,0.34,0,107,107.4,-0.4,99.2,0.3,0.279,0.548,0.512,14.1,25.6,0.215,0.506,16.1,69.6,0.264
2007,Washington Wizards*,26.8,41,-0.51,-0.28,-0.8,110.1,110.6,-0.5,94.1,0.356,0.237,0.542,0.491,12.6,28.1,0.272,0.517,14.4,71,0.249
2007,New Jersey Nets*,28.2,41,-0.77,-0.23,-1,105.7,106.6,-0.9,91.4,0.338,0.263,0.546,0.504,14.2,24.6,0.245,0.49,13.7,74.4,0.266
2007,Miami Heat*,29.3,44,-0.91,-0.29,-1.21,104.3,105.3,-1,89.9,0.321,0.245,0.541,0.506,14.3,24.9,0.222,0.485,13.8,73.3,0.232
2008,Boston Celtics*,27.9,66,10.26,-0.95,9.3,110.2,98.9,11.3,90.9,0.346,0.249,0.569,0.522,14.7,26.6,0.267,0.457,15.2,74.4,0.253
2008,Detroit Pistons*,28.3,59,7.39,-0.72,6.67,111.4,102.9,8.5,87.3,0.3,0.203,0.539,0.495,11.4,29.4,0.23,0.47,13.4,73.7,0.244
2008,Los Angeles Lakers*,26.7,57,7.26,0.09,7.34,113,105.5,7.5,95.6,0.333,0.257,0.57,0.525,12.9,26.3,0.256,0.485,12.9,73.4,0.214
2008,Utah Jazz*,25.3,54,6.88,-0.01,6.86,113.8,106.5,7.3,93.2,0.349,0.166,0.573,0.528,13.6,29.5,0.265,0.501,15,74.1,0.294
2008,Orlando Magic*,26.7,52,5.46,-0.68,4.79,111.3,105.5,5.8,93.4,0.355,0.322,0.575,0.537,13.6,23.4,0.256,0.484,12.3,74.8,0.217
2008,New Orleans Hornets*,27.1,56,5.28,0.18,5.46,111.5,105.7,5.8,89.9,0.251,0.239,0.548,0.512,11.4,27,0.193,0.501,13.5,75.4,0.184
2008,San Antonio Spurs*,31.4,56,4.79,0.31,5.1,107.2,101.8,5.4,88.8,0.276,0.251,0.543,0.504,12.6,23.4,0.21,0.477,12.8,77.1,0.201
2008,Houston Rockets*,28.3,55,4.68,0.15,4.83,106.8,101.6,5.2,90.4,0.276,0.255,0.528,0.492,13,29.1,0.2,0.465,12.8,74.8,0.214
2008,Phoenix Suns*,29.3,55,5.05,0.09,5.14,113.3,108.1,5.2,96.7,0.292,0.26,0.59,0.551,13.4,22.4,0.228,0.488,11.8,70.9,0.191
2008,Dallas Mavericks*,28.9,51,4.54,0.16,4.7,111.1,106.1,5,90.2,0.318,0.215,0.554,0.502,12.3,26.7,0.259,0.474,11.7,75,0.252
2008,Denver Nuggets*,28.5,50,3.71,0.03,3.74,110,106.3,3.7,99.7,0.358,0.228,0.557,0.51,12.9,25.5,0.269,0.499,14.1,72.1,0.203
2008,Toronto Raptors*,26.3,41,2.9,-0.44,2.47,110.2,107,3.2,90.2,0.247,0.217,0.551,0.511,11.4,23.4,0.2,0.505,13.5,75,0.205
2008,Philadelphia 76ers*,25.3,40,0.41,-0.23,0.19,106.4,106,0.4,90.4,0.321,0.143,0.522,0.482,13.4,31.8,0.227,0.504,15.1,72,0.205
2008,Washington Wizards*,27.2,43,-0.33,-0.28,-0.61,109.2,109.6,-0.4,89.5,0.297,0.241,0.535,0.489,12.5,28.9,0.233,0.513,13.5,72.8,0.217
2008,Cleveland Cavaliers*,27.1,45,-0.35,-0.17,-0.53,106,106.4,-0.4,90.2,0.308,0.231,0.52,0.48,13.1,30.4,0.221,0.494,12.9,75.9,0.24
2008,Atlanta Hawks*,24.2,37,-1.82,-0.41,-2.23,106.9,108.9,-2,91.1,0.34,0.165,0.535,0.483,14,29.7,0.263,0.501,12.9,71.7,0.217
2010,Orlando Magic*,27.9,59,7.49,-0.37,7.12,111.4,103.3,8.1,92,0.34,0.35,0.573,0.536,13.6,24.6,0.246,0.477,12.2,77.4,0.205
2010,Cleveland Cavaliers*,28,61,6.52,-0.36,6.17,111.2,104.1,7.1,91.4,0.341,0.248,0.57,0.532,13.4,25.1,0.246,0.482,12.3,77.2,0.218
2010,Utah Jazz*,25.6,53,5.34,-0.01,5.33,110.7,105,5.7,93.8,0.34,0.184,0.565,0.524,14.2,26.8,0.252,0.492,14.2,75.6,0.269
2010,San Antonio Spurs*,28.7,50,5.09,-0.02,5.07,110,104.5,5.5,91.7,0.296,0.232,0.552,0.515,12.9,26.8,0.219,0.483,12.1,76.3,0.214
2010,Atlanta Hawks*,26.5,53,4.66,-0.22,4.44,111.9,106.7,5.2,90.1,0.281,0.214,0.545,0.506,11.4,28.2,0.213,0.496,13.2,72.7,0.208
2010,Phoenix Suns*,28.5,54,4.9,-0.23,4.67,115.3,110.2,5.1,95.3,0.312,0.261,0.585,0.546,13.6,27.6,0.24,0.491,11.6,70.8,0.224
2010,Los Angeles Lakers*,28.4,57,4.72,0.06,4.78,108.8,103.7,5.1,92.8,0.289,0.227,0.538,0.496,12.4,27.6,0.221,0.484,13.2,74.4,0.195
2010,Denver Nuggets*,27.7,53,4.09,0.06,4.15,111.8,107.5,4.3,94.8,0.376,0.227,0.561,0.509,12.7,26.1,0.29,0.495,13.8,72.4,0.251
2010,Boston Celtics*,29.4,50,3.66,-0.29,3.37,107.7,103.8,3.9,91.6,0.332,0.228,0.564,0.522,14.5,22.8,0.248,0.487,14.9,73.8,0.251
2010,Portland Trail Blazers*,26.6,50,3.3,-0.13,3.18,110.8,107.1,3.7,87.7,0.315,0.215,0.547,0.499,12.1,28.2,0.249,0.502,13.3,74.8,0.219
2010,Oklahoma City Thunder*,23.2,50,3.49,0.06,3.55,108.3,104.6,3.7,93.1,0.333,0.185,0.547,0.494,13.9,28.6,0.268,0.483,14,73.6,0.229
2010,Dallas Mavericks*,30.7,55,2.72,-0.06,2.66,109.2,106.3,2.9,92.5,0.277,0.222,0.552,0.506,12.3,24.3,0.226,0.495,13.6,73.7,0.206
2010,Miami Heat*,27.1,47,2.28,-0.29,1.99,106.6,104.1,2.5,89.6,0.296,0.219,0.537,0.496,12.8,26.1,0.223,0.48,13.9,74.9,0.246
2010,Milwaukee Bucks*,26.4,46,1.7,-0.32,1.37,104.9,103.1,1.8,91.7,0.239,0.259,0.518,0.482,12.3,26.2,0.181,0.486,14.6,76.4,0.266
2010,Charlotte Bobcats*,27.4,44,1.46,-0.17,1.3,104.4,102.8,1.6,90.4,0.346,0.211,0.538,0.49,15.1,26.5,0.26,0.491,14.7,74.2,0.194
2010,Chicago Bulls*,26.2,41,-1.63,0,-1.64,103.5,105.3,-1.8,93.1,0.287,0.156,0.52,0.477,13.3,26.6,0.217,0.484,12.3,74.8,0.212
2013,Oklahoma City Thunder*,26,60,9.21,-0.06,9.15,112.4,102.6,9.8,93.3,0.338,0.244,0.58,0.527,14.4,26.7,0.28,0.469,13.5,73.4,0.197
2013,Miami Heat*,30.3,66,7.87,-0.84,7.03,112.3,103.7,8.6,90.7,0.297,0.285,0.588,0.552,13.7,22.2,0.224,0.487,14.8,73,0.2
2013,Los Angeles Clippers*,28.8,56,6.45,-0.02,6.43,110.6,103.6,7,91.1,0.286,0.265,0.557,0.526,13.9,28.8,0.203,0.492,15.4,73.5,0.229
2013,San Antonio Spurs*,28.6,58,6.4,0.27,6.67,108.3,101.6,6.7,94.2,0.258,0.264,0.568,0.531,14,20.5,0.204,0.48,13.7,74.9,0.179
2013,Denver Nuggets*,26.1,57,5.09,0.28,5.37,110.4,105.1,5.3,95.1,0.308,0.217,0.549,0.515,13.6,31.4,0.216,0.493,14.3,71.8,0.193
2013,New York Knicks*,30.2,54,4.23,-0.5,3.73,111.1,106.3,4.8,89.8,0.258,0.354,0.55,0.515,11.7,25.6,0.196,0.508,14.8,74.7,0.216
2013,Memphis Grizzlies*,27,56,4.15,0.18,4.32,104.9,100.3,4.6,88.4,0.261,0.166,0.514,0.472,13.3,31,0.202,0.475,15.2,74.3,0.209
2013,Indiana Pacers*,25.7,49,4.02,-0.69,3.34,104.3,99.8,4.5,90.2,0.293,0.245,0.521,0.479,14.3,30.3,0.219,0.453,12.9,74.6,0.197
2013,Houston Rockets*,24.4,45,3.48,0.22,3.69,109.7,106.1,3.6,96.1,0.308,0.349,0.564,0.525,14.9,26.4,0.232,0.502,13.5,75.2,0.196
2013,Brooklyn Nets*,28.6,49,1.78,-0.53,1.25,108.2,106.2,2,88.8,0.299,0.269,0.536,0.498,14,30.9,0.219,0.503,13.1,73.7,0.174
2013,Los Angeles Lakers*,30.7,45,1.16,0.32,1.48,107.8,106.6,1.2,94.4,0.345,0.303,0.548,0.512,13.9,27,0.239,0.496,11.9,74.3,0.163
2013,Golden State Warriors*,25.3,47,0.89,0.42,1.32,106.4,105.5,0.9,94.5,0.255,0.239,0.545,0.506,14,25.4,0.201,0.486,12.4,75.5,0.211
2013,Atlanta Hawks*,27.1,44,0.4,-0.48,-0.08,104.8,104.4,0.4,92.6,0.244,0.286,0.546,0.517,14.2,22.2,0.174,0.496,14.2,73.6,0.181
2013,Chicago Bulls*,28,45,0.32,-0.33,-0.02,103.5,103.2,0.3,89.3,0.259,0.189,0.512,0.47,13.6,29.4,0.201,0.477,13.2,73.6,0.206
2013,Boston Celtics*,29.1,41,-0.22,-0.4,-0.62,103.1,103.3,-0.2,91.7,0.263,0.215,0.542,0.503,14.1,20.1,0.204,0.482,14.2,73.3,0.216
2013,Milwaukee Bucks*,26.4,38,-1.5,-0.33,-1.83,103.6,105.2,-1.6,94.7,0.236,0.232,0.51,0.476,12.7,27.9,0.174,0.492,14.4,71.3,0.201
2014,San Antonio Spurs*,28.9,62,7.72,0.28,8,110.5,102.4,8.1,95,0.24,0.257,0.571,0.537,13.5,22.7,0.188,0.482,12.8,76.4,0.184
2014,Los Angeles Clippers*,28.1,57,6.98,0.3,7.27,112.1,104.8,7.3,95.9,0.353,0.291,0.567,0.526,12.7,25,0.258,0.484,13.8,72.5,0.222
2014,Oklahoma City Thunder*,26.2,59,6.34,0.32,6.66,110.5,103.9,6.6,95.4,0.303,0.271,0.566,0.52,14,26.5,0.244,0.488,13.9,75.6,0.221
2014,Miami Heat*,30.6,54,4.76,-0.61,4.15,110.9,105.8,5.1,91.2,0.3,0.292,0.59,0.554,14.6,20.6,0.228,0.511,15.8,73,0.212
2014,Golden State Warriors*,26.3,51,4.8,0.34,5.15,107.5,102.6,4.9,96.2,0.247,0.291,0.55,0.517,13.8,25.1,0.186,0.477,13.6,76.3,0.224
2014,Indiana Pacers*,27.2,56,4.4,-0.77,3.63,104.1,99.3,4.8,92.5,0.29,0.235,0.535,0.49,14.3,24.9,0.226,0.46,12.9,76.8,0.197
2014,Houston Rockets*,25.4,54,4.56,0.5,5.06,111,106.3,4.7,96.3,0.386,0.33,0.571,0.531,14.6,27.4,0.275,0.489,12.5,74.1,0.193
2014,Portland Trail Blazers*,25.8,54,3.99,0.45,4.44,111.5,107.4,4.1,94.9,0.27,0.29,0.548,0.504,12.4,28,0.22,0.488,11,74.7,0.194
2014,Toronto Raptors*,25.6,48,3.24,-0.69,2.55,108.8,105.3,3.5,91.8,0.306,0.285,0.545,0.498,13.2,27.2,0.239,0.493,14.1,74.9,0.237
2014,Dallas Mavericks*,30.6,49,2.4,0.5,2.91,111.2,108.7,2.5,93.5,0.253,0.274,0.564,0.526,12.7,24.6,0.201,0.515,14.8,72.7,0.229
2014,Chicago Bulls*,28.6,48,1.85,-0.66,1.2,102.5,100.5,2,90.2,0.29,0.222,0.518,0.471,14.2,27.2,0.226,0.471,13.7,75.4,0.189
2014,Memphis Grizzlies*,28.5,50,1.57,0.61,2.18,106.3,104.6,1.7,89.9,0.248,0.171,0.529,0.494,13.1,28.3,0.184,0.497,13.8,75.7,0.199
2014,Washington Wizards*,26.3,44,1.27,-0.79,0.48,106,104.6,1.4,93.2,0.248,0.246,0.538,0.506,13.6,25.2,0.181,0.504,15,75.7,0.22
2014,Charlotte Bobcats*,25.5,43,-0.22,-0.67,-0.89,103.6,103.8,-0.2,92.4,0.297,0.219,0.522,0.481,11.7,21.9,0.219,0.491,12.6,77.6,0.183
2014,Atlanta Hawks*,27.5,38,-0.48,-0.4,-0.88,105.9,106.4,-0.5,94.6,0.266,0.316,0.554,0.515,14.3,21,0.208,0.51,14,74.4,0.196
2014,Brooklyn Nets*,30,44,-1,-0.58,-1.58,106.7,107.7,-1,91.4,0.313,0.301,0.555,0.514,14.1,21.7,0.236,0.509,14.9,72.3,0.236
2016,San Antonio Spurs*,30.3,67,10.63,-0.36,10.28,110.3,99,11.3,93.8,0.246,0.223,0.564,0.526,12.4,23,0.197,0.477,14.1,79.1,0.182
2016,Golden State Warriors*,27.4,73,10.76,-0.38,10.38,114.5,103.8,10.7,99.3,0.25,0.362,0.593,0.563,13.5,23.5,0.191,0.479,12.6,76,0.208
2016,Oklahoma City Thunder*,25.8,55,7.28,-0.19,7.09,113.1,105.6,7.5,96.7,0.292,0.275,0.565,0.524,14,31.1,0.228,0.484,11.7,76,0.205
2016,Cleveland Cavaliers*,28.1,57,6,-0.55,5.45,110.9,104.5,6.4,93.3,0.259,0.352,0.558,0.524,12.7,25.1,0.194,0.496,12.6,78.5,0.205
2016,Toronto Raptors*,26.3,56,4.5,-0.42,4.08,110,105.2,4.8,92.9,0.328,0.287,0.552,0.504,12.3,24.6,0.255,0.498,12.7,77.7,0.201
2016,Los Angeles Clippers*,29.7,53,4.28,-0.15,4.13,108.3,103.8,4.5,95.8,0.318,0.324,0.556,0.524,12.1,20.1,0.22,0.48,13.8,73.8,0.222
2016,Atlanta Hawks*,28.2,48,3.61,-0.12,3.49,105.1,101.4,3.7,97.1,0.237,0.336,0.552,0.516,13.8,19.1,0.185,0.48,14.4,74.6,0.194
2016,Boston Celtics*,25.2,48,3.21,-0.37,2.84,106.8,103.6,3.2,98.5,0.264,0.293,0.531,0.488,12.1,25.1,0.208,0.487,14.6,74.6,0.231
2016,Charlotte Hornets*,26,48,2.72,-0.36,2.36,107.1,104.3,2.8,95.7,0.28,0.348,0.545,0.502,11.7,20,0.222,0.496,12.5,79.8,0.191
2016,Miami Heat*,28.4,48,1.65,-0.14,1.5,106.1,104.4,1.7,93.6,0.282,0.221,0.545,0.508,13.3,23.8,0.21,0.485,12.1,77.8,0.196
2016,Indiana Pacers*,26.9,45,1.71,-0.09,1.62,104.6,102.9,1.7,96.6,0.268,0.27,0.536,0.497,13.5,23.4,0.205,0.489,14.3,76,0.205
2016,Portland Trail Blazers*,24.3,44,0.83,0.15,0.98,108.8,108,0.8,96,0.268,0.332,0.548,0.511,13.2,25.9,0.202,0.503,12.1,76.2,0.225
2016,Detroit Pistons*,25,44,0.61,-0.18,0.43,106.1,105.5,0.6,95.1,0.296,0.303,0.522,0.491,12.2,27,0.197,0.504,12.5,79.3,0.196
2016,Houston Rockets*,27.8,41,0.2,0.14,0.34,108.3,108.1,0.2,97.6,0.352,0.37,0.553,0.516,14.2,25.7,0.244,0.516,14.7,72.8,0.219
2016,Dallas Mavericks*,30.3,42,-0.3,0.29,-0.02,106.7,107,-0.3,94.3,0.265,0.339,0.544,0.502,12,20.6,0.211,0.504,12.8,76.2,0.198
2016,Memphis Grizzlies*,30.5,42,-2.24,0.11,-2.14,105.4,107.8,-2.4,93.3,0.295,0.222,0.524,0.477,12.3,25.3,0.231,0.518,15.2,75.1,0.251
2019,Milwaukee Bucks*,26.9,60,8.87,-0.82,8.04,113.8,105.2,8.6,103.3,0.255,0.419,0.583,0.55,12,20.8,0.197,0.503,11.5,80.3,0.162
2019,Golden State Warriors*,28.4,57,6.46,-0.04,6.42,115.9,109.5,6.4,100.9,0.227,0.384,0.596,0.565,12.6,22.5,0.182,0.508,11.7,77.1,0.205
2019,Toronto Raptors*,27.3,58,6.09,-0.6,5.49,113.1,107.1,6,100.2,0.247,0.379,0.579,0.543,12.4,21.9,0.198,0.509,13.1,77.1,0.19
2019,Utah Jazz*,27.3,50,5.26,0.03,5.28,110.9,105.7,5.2,100.3,0.295,0.394,0.572,0.538,13.4,22.9,0.217,0.507,12.4,80.3,0.189
2019,Houston Rockets*,29.2,53,4.77,0.19,4.96,115.5,110.7,4.8,97.9,0.279,0.519,0.581,0.542,12,22.8,0.221,0.525,13.4,74.4,0.21
2019,Boston Celtics*,25.7,49,4.44,-0.54,3.9,112.7,108.3,4.4,99.2,0.215,0.381,0.567,0.534,11.1,21.6,0.173,0.514,13,77,0.198
2019,Portland Trail Blazers*,26.2,53,4.2,0.24,4.43,114.7,110.5,4.2,99.1,0.258,0.339,0.568,0.528,12.1,26.6,0.21,0.516,11,77.9,0.195
2019,Denver Nuggets*,24.9,54,3.95,0.24,4.19,113,108.9,4.1,97.7,0.232,0.348,0.558,0.527,11.9,26.6,0.175,0.521,12.3,78,0.194
2019,Indiana Pacers*,27,48,3.33,-0.57,2.76,109.9,106.5,3.4,98.1,0.242,0.292,0.561,0.53,12.4,21.9,0.182,0.516,14.1,76.2,0.184
2019,Oklahoma City Thunder*,25.7,49,3.4,0.15,3.56,110.3,107,3.3,102.8,0.266,0.347,0.545,0.514,11.7,26,0.19,0.523,14.4,78.2,0.206
2019,Philadelphia 76ers*,26.4,51,2.7,-0.44,2.25,112.6,110,2.6,101.6,0.312,0.342,0.574,0.532,12.9,24.5,0.241,0.512,11.1,78.6,0.206
2019,San Antonio Spurs*,28.8,48,1.68,0.12,1.8,112.9,111.2,1.7,98.3,0.237,0.286,0.572,0.534,11,21,0.194,0.528,11,79.4,0.17
2019,Los Angeles Clippers*,27.2,48,0.85,0.23,1.09,112.4,111.5,0.9,101.7,0.326,0.295,0.575,0.529,12.7,22,0.258,0.514,11.4,76,0.224
2019,Orlando Magic*,25.7,42,0.71,-0.43,0.28,108.9,108.1,0.8,98.1,0.216,0.36,0.55,0.518,11.9,22,0.168,0.515,11.8,79.7,0.186
2019,Brooklyn Nets*,25.4,42,-0.07,-0.33,-0.4,109.6,109.7,-0.1,100.8,0.284,0.403,0.556,0.52,13,23.8,0.211,0.512,11.6,76.4,0.19
2019,Detroit Pistons*,26.9,41,-0.24,-0.31,-0.56,109,109.2,-0.2,97.4,0.262,0.394,0.544,0.509,12.3,24.8,0.195,0.526,12.8,78.7,0.211
2020,Milwaukee Bucks*,29.2,56,10.08,-0.67,9.41,112.4,102.9,9.5,105.1,0.271,0.428,0.583,0.552,12.9,20.7,0.201,0.489,12,81.6,0.178
2020,Boston Celtics*,25.3,48,6.31,-0.47,5.83,113.3,107,6.3,99.5,0.259,0.386,0.57,0.531,12.2,23.9,0.207,0.509,13.5,77.4,0.215
2020,Los Angeles Clippers*,27.4,49,6.44,0.21,6.66,113.9,107.6,6.3,101.5,0.295,0.375,0.577,0.535,12.6,23.5,0.233,0.506,12.2,77.6,0.206
2020,Toronto Raptors*,26.6,53,6.24,-0.26,5.97,111.1,105,6.1,100.9,0.264,0.421,0.574,0.536,13.1,21.3,0.21,0.502,14.6,76.7,0.202
2020,Los Angeles Lakers*,29.5,52,5.79,0.49,6.28,112,106.3,5.7,100.9,0.276,0.358,0.573,0.542,13.3,24.5,0.201,0.515,14.1,78.8,0.205
2020,Dallas Mavericks*,26.1,43,4.95,-0.07,4.87,116.7,111.7,5,99.3,0.264,0.457,0.581,0.545,11.2,23.2,0.206,0.525,10.6,77.7,0.175
2020,Miami Heat*,25.9,44,2.95,-0.35,2.59,112.5,109.5,3,98.3,0.299,0.419,0.587,0.547,13.5,20.3,0.234,0.523,12.6,79.5,0.213
2020,Houston Rockets*,29.2,44,2.96,0.17,3.13,112.9,110.1,2.8,103.7,0.288,0.501,0.578,0.537,12.6,21,0.228,0.529,13.7,75.6,0.197
2020,Utah Jazz*,27.3,44,2.47,0.05,2.52,112.3,109.9,2.4,98.6,0.268,0.414,0.585,0.549,13.7,21.6,0.208,0.518,11.1,78.9,0.185
2020,Philadelphia 76ers*,26.3,43,2.38,-0.13,2.25,111.3,109,2.3,99,0.255,0.36,0.566,0.534,12.7,23.9,0.193,0.523,12.5,80.3,0.214
2020,Denver Nuggets*,25.6,46,2.11,0.24,2.35,113.1,111,2.1,97.1,0.235,0.344,0.567,0.535,12.3,24.8,0.183,0.533,12.9,76.8,0.198
2020,Indiana Pacers*,25.6,45,1.96,-0.33,1.63,110,108,2,98.9,0.216,0.317,0.565,0.534,12,20,0.17,0.511,13,76.7,0.192
2020,Oklahoma City Thunder*,25.5,44,1.99,0.34,2.33,110.8,108.8,2,98.8,0.29,0.353,0.573,0.53,12.4,19.3,0.231,0.518,12.6,76.8,0.173
2020,Brooklyn Nets*,26.3,35,-0.57,-0.44,-1.01,108.9,109.5,-0.6,101.4,0.267,0.423,0.554,0.52,13.1,23.2,0.199,0.511,11,77.8,0.187
2020,Orlando Magic*,26.1,33,-1.01,0.09,-0.93,108.5,109.5,-1,98.6,0.256,0.364,0.544,0.506,11.5,22.3,0.198,0.535,13.2,79.1,0.176
2020,Portland Trail Blazers*,27.5,35,-1.15,0.54,-0.61,113.7,114.8,-1.1,100.7,0.242,0.374,0.57,0.533,11.2,22.4,0.194,0.53,11.2,75.3,0.208
2021,Utah Jazz*,28.5,52,9.25,-0.29,8.97,117.6,108.3,9.3,98.5,0.244,0.488,0.597,0.563,12.7,24.5,0.195,0.507,10.3,79.3,0.159
2021,Los Angeles Clippers*,28.8,47,6.18,-0.16,6.02,117.6,111.2,6.4,96.9,0.222,0.4,0.599,0.564,12.2,22.7,0.186,0.531,11.9,79.1,0.186
2021,Phoenix Suns*,26.6,51,5.82,-0.15,5.67,117.2,111.3,5.9,97.2,0.212,0.392,0.597,0.564,11.5,20.8,0.177,0.534,12.4,78.5,0.194
2021,Milwaukee Bucks*,28.1,46,5.89,-0.32,5.57,117.2,111.4,5.8,102.2,0.233,0.404,0.593,0.566,12,23.3,0.177,0.536,11.5,79.7,0.157
2021,Philadelphia 76ers*,27.1,49,5.58,-0.31,5.28,113.2,107.6,5.6,99.5,0.293,0.347,0.579,0.541,12.8,23.2,0.225,0.521,13.8,78.2,0.2
2021,Denver Nuggets*,26.1,47,4.93,-0.11,4.82,117.1,112.1,5,97.1,0.219,0.383,0.588,0.557,12.1,24.7,0.176,0.545,12.9,78.9,0.2
2021,Brooklyn Nets*,28.2,48,4.5,-0.27,4.24,118.3,113.8,4.5,99.5,0.258,0.413,0.61,0.575,12.2,21.4,0.208,0.531,11.1,77.3,0.187
2021,Los Angeles Lakers*,28.2,42,2.79,-0.03,2.77,109.9,107.1,2.8,98.7,0.271,0.363,0.569,0.536,13.6,22.5,0.2,0.526,13.7,79.7,0.184
2021,Dallas Mavericks*,26.3,42,2.26,-0.01,2.26,115.4,113,2.4,97.3,0.242,0.436,0.582,0.55,11.1,21.1,0.189,0.534,11.5,77.8,0.197
2021,New York Knicks*,25.6,41,2.31,-0.18,2.13,110.6,108.2,2.4,95.9,0.242,0.347,0.559,0.524,11.9,21.9,0.19,0.509,11.7,78.6,0.196
2021,Atlanta Hawks*,25.4,41,2.32,-0.18,2.14,115.7,113.3,2.4,97.6,0.278,0.382,0.581,0.539,11.9,24.4,0.226,0.53,11.1,77.8,0.19
2021,Portland Trail Blazers*,27.4,42,1.79,0.01,1.81,117.8,116,1.8,98.4,0.238,0.448,0.577,0.54,9.9,23,0.195,0.546,11.2,77.5,0.203
2021,Boston Celtics*,25.1,36,1.46,-0.14,1.32,114,112.5,1.5,98.3,0.234,0.409,0.574,0.543,12.5,24.3,0.181,0.539,12.8,78.1,0.215
2021,Memphis Grizzlies*,24.2,38,1.03,0.04,1.07,112,111,1,100.4,0.232,0.342,0.56,0.528,11.6,24.2,0.179,0.535,13.1,78.3,0.196
2021,Miami Heat*,27.4,40,0.03,-0.09,-0.06,111.2,111.2,0,96.6,0.252,0.432,0.581,0.546,13.1,19.4,0.199,0.542,13.8,77.9,0.183
2021,Washington Wizards*,26.6,34,-1.83,-0.01,-1.85,111.2,113,-1.8,104.1,0.288,0.319,0.569,0.531,12.3,21.3,0.221,0.539,12.5,77.6,0.217
2023,Boston Celtics*,27.4,57,6.52,-0.15,6.38,118,111.5,6.5,98.5,0.243,0.48,0.6,0.566,12,22.1,0.197,0.528,11.3,78.5,0.18
2023,Cleveland Cavaliers*,25.4,51,5.38,-0.15,5.23,116.1,110.6,5.5,95.7,0.264,0.371,0.59,0.556,12.3,23.6,0.206,0.535,14.4,76.3,0.21
2023,Philadelphia 76ers*,28.2,54,4.32,0.06,4.37,117.7,113.3,4.4,96.9,0.3,0.389,0.608,0.563,12.6,21.6,0.25,0.541,13,77.2,0.217
2023,Memphis Grizzlies*,24.4,51,3.94,-0.34,3.6,115.1,111.2,3.9,101.1,0.259,0.372,0.57,0.54,11.7,26.5,0.19,0.526,13.1,75.9,0.206
2023,Milwaukee Bucks*,29.8,58,3.63,-0.02,3.61,115.4,111.9,3.5,100.5,0.248,0.446,0.583,0.555,12.7,25,0.184,0.52,10.4,77.8,0.175
2023,Denver Nuggets*,26.6,53,3.33,-0.29,3.04,117.6,114.2,3.4,98.1,0.259,0.361,0.601,0.573,13.1,24.8,0.194,0.543,12.2,76.4,0.201
2023,New York Knicks*,24.5,47,2.93,0.06,2.99,117.8,114.8,3,97.1,0.285,0.4,0.577,0.541,11.4,28.3,0.217,0.536,11.4,77.1,0.21
2023,Sacramento Kings*,25.4,48,2.65,-0.35,2.3,119.4,116.8,2.6,100.3,0.284,0.423,0.608,0.572,12,22.7,0.225,0.563,12.6,77.2,0.203
2023,Phoenix Suns*,28.1,45,2.07,0.01,2.08,115.1,113,2.1,98.2,0.241,0.362,0.57,0.535,12,26.6,0.191,0.532,12.9,76,0.234
2023,Golden State Warriors*,27.3,44,1.8,-0.15,1.66,116.1,114.4,1.7,101.6,0.224,0.479,0.6,0.571,14.1,24.4,0.178,0.54,12.3,76,0.214
2023,Brooklyn Nets*,28,45,0.85,0.18,1.03,115,114.1,0.9,98.3,0.26,0.397,0.598,0.562,12.7,19.6,0.208,0.53,12.2,73.7,0.212
2023,Los Angeles Lakers*,27.9,43,0.57,-0.15,0.43,114.5,113.9,0.6,101.3,0.299,0.351,0.582,0.542,12.3,22.8,0.232,0.535,10.9,76.3,0.171
2023,Los Angeles Clippers*,29.7,44,0.5,-0.19,0.31,115,114.5,0.5,98,0.278,0.387,0.588,0.551,12.8,22.9,0.217,0.543,11.7,76.6,0.195
2023,Atlanta Hawks*,24.9,41,0.29,0.02,0.32,116.6,116.3,0.3,100.7,0.244,0.331,0.579,0.541,11.2,25.1,0.2,0.552,12.4,75.8,0.206
2023,Minnesota Timberwolves*,25.8,42,-0.04,-0.18,-0.22,113.7,113.8,-0.1,101,0.271,0.381,0.592,0.56,13.6,21.5,0.205,0.54,13.3,74.3,0.225
2023,Miami Heat*,27.7,44,-0.32,0.18,-0.13,113,113.3,-0.3,96.3,0.27,0.408,0.574,0.53,12.4,22.8,0.224,0.561,14.5,77.7,0.198
